{"where_divide" : [0.00164123,0.000820699,8.02023e-07,2.5175e-07,6.20501e-08,1.48075e-08], "bin_width" : [0.326231,0.201545,0.0661326,0.0315942,0.0143037,0.00713372], "count" : [[1522,0,4,0,0,0,57,0,0,12,0,0,1],[6098,78,113,22,11,11,10,26,4,4,2,0,0,0,2],[24508,438,116,95,60,40,58,38,44,36,22,19,20,8,7,3,6],[98911,1064,362,249,216,219,253,234,179,98,64,56,55,47,25,19,8,7,3],[395106,4492,1478,913,817,827,903,959,824,611,341,183,168,168,198,117,74,44,27,13,10],[1580728,17802,5867,3560,3386,3175,3709,3809,3467,2421,1236,767,630,659,783,441,297,169,88,58,27,7,3]], "cumulative" : [[0.953634,0.953634,0.95614,0.95614,0.95614,0.95614,0.991855,0.991855,0.991855,0.999373,0.999373,0.999373,1],[0.95565,0.967873,0.985582,0.98903,0.990754,0.992478,0.994045,0.998119,0.998746,0.999373,0.999687,0.999687,0.999687,0.999687,1],[0.96042,0.977584,0.98213,0.985853,0.988204,0.989772,0.992045,0.993534,0.995258,0.996669,0.997531,0.998276,0.999059,0.999373,0.999647,0.999765,1],[0.96906,0.979484,0.983031,0.985471,0.987587,0.989732,0.992211,0.994504,0.996257,0.997218,0.997845,0.998393,0.998932,0.999393,0.999638,0.999824,0.999902,0.999971,1],[0.96775,0.978752,0.982372,0.984608,0.986609,0.988635,0.990847,0.993196,0.995214,0.996711,0.997546,0.997994,0.998405,0.998817,0.999302,0.999589,0.99977,0.999878,0.999944,0.999976,1],[0.967937,0.978838,0.982431,0.984611,0.986684,0.988628,0.990899,0.993232,0.995355,0.996837,0.997594,0.998064,0.99845,0.998853,0.999333,0.999603,0.999784,0.999888,0.999942,0.999977,0.999994,0.999998,1]], "diff" : [[-1522,4,-4,0,0,57,-57,0,12,-12,0,1],[-6020,35,-91,-11,0,-1,16,-22,0,-2,-2,0,0,2],[-24070,-322,-21,-35,-20,18,-20,6,-8,-14,-3,1,-12,-1,-4,3],[-97847,-702,-113,-33,3,34,-19,-55,-81,-34,-8,-1,-8,-22,-6,-11,-1,-4],[-390614,-3014,-565,-96,10,76,56,-135,-213,-270,-158,-15,0,30,-81,-43,-30,-17,-14,-3],[-1562926,-11935,-2307,-174,-211,534,100,-342,-1046,-1185,-469,-137,29,124,-342,-144,-128,-81,-30,-31,-20,-4]], "diffdiff" : [[1526,-8,4,0,57,-114,57,12,-24,12,1],[6055,-126,80,11,-1,17,-38,22,-2,0,2,0,2],[23748,301,-14,15,38,-38,26,-14,-6,11,4,-13,11,-3,7],[97145,589,80,36,31,-53,-36,-26,47,26,7,-7,-14,16,-5,10,-3],[387600,2449,469,106,66,-20,-191,-78,-57,112,143,15,30,-111,38,13,13,3,11],[1550991,9628,2133,-37,745,-434,-442,-704,-139,716,332,166,95,-466,198,16,47,51,-1,11,16]], "interval" : [[0.00164123,0.327872,0.654103,0.980333,1.30656,1.63279,1.95903,2.28526,2.61149,2.93772,3.26395,3.59018,3.91641,4.24264],[0.000820699,0.202365,0.40391,0.605455,0.807,1.00854,1.21009,1.41163,1.61318,1.81472,2.01627,2.21781,2.41936,2.6209,2.82245,3.02399],[8.02023e-07,0.0661334,0.132266,0.198399,0.264531,0.330664,0.396796,0.462929,0.529061,0.595194,0.661327,0.727459,0.793592,0.859724,0.925857,0.99199,1.05812,1.12425],[2.5175e-07,0.0315945,0.0631887,0.0947829,0.126377,0.157971,0.189566,0.22116,0.252754,0.284348,0.315942,0.347537,0.379131,0.410725,0.442319,0.473913,0.505508,0.537102,0.568696,0.60029],[6.20501e-08,0.0143038,0.0286075,0.0429112,0.0572149,0.0715186,0.0858223,0.100126,0.11443,0.128733,0.143037,0.157341,0.171645,0.185948,0.200252,0.214556,0.228859,0.243163,0.257467,0.271771,0.286074,0.300378],[1.48075e-08,0.00713373,0.0142675,0.0214012,0.0285349,0.0356686,0.0428023,0.0499361,0.0570698,0.0642035,0.0713372,0.0784709,0.0856047,0.0927384,0.0998721,0.107006,0.11414,0.121273,0.128407,0.135541,0.142674,0.149808,0.156942,0.164076]], "mid_interval" : [[0.164757,0.490987,0.817218,1.14345,1.46968,1.79591,2.12214,2.44837,2.7746,3.10083,3.42706,3.75329,4.07953],[0.101593,0.303138,0.504683,0.706227,0.907772,1.10932,1.31086,1.51241,1.71395,1.9155,2.11704,2.31859,2.52013,2.72168,2.92322],[0.0330671,0.0991997,0.165332,0.231465,0.297597,0.36373,0.429863,0.495995,0.562128,0.62826,0.694393,0.760526,0.826658,0.892791,0.958923,1.02506,1.09119],[0.0157974,0.0473916,0.0789858,0.11058,0.142174,0.173768,0.205363,0.236957,0.268551,0.300145,0.331739,0.363334,0.394928,0.426522,0.458116,0.489711,0.521305,0.552899,0.584493],[0.00715192,0.0214556,0.0357593,0.050063,0.0643668,0.0786705,0.0929742,0.107278,0.121582,0.135885,0.150189,0.164493,0.178796,0.1931,0.207404,0.221708,0.236011,0.250315,0.264619,0.278922,0.293226],[0.00356687,0.0107006,0.0178343,0.024968,0.0321018,0.0392355,0.0463692,0.0535029,0.0606366,0.0677704,0.0749041,0.0820378,0.0891715,0.0963052,0.103439,0.110573,0.117706,0.12484,0.131974,0.139108,0.146241,0.153375,0.160509]]}