{
    "name": "tank",
    "objfile": "../../obj/cube0.obj",
    "rotate": [
        1.0471975511965976,
        1,
        1,
        0
    ],
    "scale": [
        0.6666666666666666,
        0,
        0,
        0
    ],
    "translate": [
        0,
        0,
        -0.3
    ],
    "ignore": true,
    "depth_list": [
        -0.005
    ],
    "volume_of_a_particle": 7.91015625e-07,
    "density": 1000.0
}