{
    "name": "tank",
    "objfile": "../../obj/cube0.obj",
    "rotate": [
        1.0471975511965976,
        1,
        1,
        0
    ],
    "scale": [
        0.6666666666666666,
        0,
        0,
        0
    ],
    "depth_list": [
        -0.004
    ],
    "volume_of_a_particle": 4.516608187134503e-07,
    "density": 1000.0
}