{
    "name": "wave_maker",
    "objfile": "../../obj/wave_maker_10cm250cm.obj",
    "rotate": [
        1.5707963267948966,
        1,
        0,
        0
    ],
    "depth_list": [
        0.004,
        0.012,
        0.02,
        0.028
    ],
    "volume_of_a_particle": 4.198412698412698e-07,
    "density": 1000.0
}