{"where_divide" : [0.38412,0.285592,0.239334,0.189994,0.169924,0.140455,0.116605,0.0987294,0.0840443,0.0734149,0.0621947], "bin_width" : [0.0202249,0.0188833,0.0141581,0.0114152,0.0098586,0.00901176,0.00651355,0.00570439,0.00458766,0.00392727,0.00326017], "count" : [[36,32,28,24,111,304,248,633,0,0,40,84,494],[2,6,80,663,782,578,441,367,171,334,25,22,29,16],[13,73,104,114,685,388,373,1106,617,430,373,240,192,39,47],[13,27,123,257,480,604,869,893,891,1026,608,260,244,45,8],[8,20,118,390,834,1207,1171,1070,943,1053,1087,955,616,298,59,14],[6,54,131,301,682,1336,1888,1844,1674,1438,1150,1066,780,353,92,9],[26,72,210,554,1274,2156,2639,2456,2131,2124,1905,1621,1247,782,374,117,16],[16,60,214,562,1398,2612,3490,3743,3862,3185,2637,2147,1676,1058,500,129,23],[35,79,186,514,1107,2503,3930,4613,4464,4346,4082,3817,3173,2437,1399,614,142,29],[55,155,378,1044,2453,4251,5806,6161,6172,5852,5299,4589,3767,2995,1652,563,119,22],[38,145,416,1085,2691,4994,7149,7726,7772,7281,7031,6204,5545,4462,2954,1399,410,76,8]], "cumulative" : [[0.0176991,0.0334317,0.0471976,0.0589971,0.113569,0.263029,0.384956,0.696165,0.696165,0.696165,0.715831,0.757129,1],[0.000568828,0.00227531,0.0250284,0.213595,0.436007,0.600398,0.725825,0.830205,0.87884,0.973834,0.980944,0.987201,0.995449,1],[0.00271172,0.0179391,0.0396329,0.0634126,0.2063,0.287234,0.36504,0.595745,0.724447,0.814143,0.891948,0.942011,0.982061,0.990196,1],[0.00204789,0.0063012,0.0256774,0.0661626,0.141777,0.236925,0.373819,0.514493,0.654852,0.816478,0.912256,0.953214,0.991651,0.99874,1],[0.00081276,0.00284466,0.0148329,0.0544549,0.139185,0.26181,0.380778,0.489485,0.585289,0.692269,0.802702,0.899726,0.962308,0.992584,0.998578,1],[0.000468604,0.00468604,0.0149172,0.0384255,0.0916901,0.196032,0.343486,0.487504,0.618244,0.730553,0.820369,0.903624,0.964542,0.992112,0.999297,1],[0.00131953,0.00497361,0.0156313,0.0437475,0.108404,0.217824,0.351756,0.476401,0.584551,0.692347,0.789028,0.871295,0.934582,0.974269,0.99325,0.999188,1],[0.000585823,0.00278266,0.010618,0.0311951,0.0823814,0.178017,0.3058,0.442846,0.584249,0.700864,0.797415,0.876025,0.93739,0.976128,0.994435,0.999158,1],[0.000934081,0.00304243,0.00800641,0.021724,0.0512677,0.118068,0.222952,0.346064,0.465199,0.581185,0.690125,0.791994,0.876675,0.941713,0.97905,0.995436,0.999226,1],[0.00107144,0.00409094,0.0114546,0.0317924,0.0795784,0.162391,0.275495,0.395516,0.51575,0.629751,0.732979,0.822375,0.895759,0.954104,0.986286,0.997253,0.999571,1],[0.000563915,0.0027157,0.00888909,0.0249904,0.0649245,0.139035,0.245125,0.359778,0.475114,0.583163,0.687502,0.779568,0.861856,0.928071,0.971908,0.992669,0.998753,0.999881,1]], "diff" : [[-4,-4,-4,87,193,-56,385,-633,0,40,44,410],[4,74,583,119,-204,-137,-74,-196,163,-309,-3,7,-13],[60,31,10,571,-297,-15,733,-489,-187,-57,-133,-48,-153,8],[14,96,134,223,124,265,24,-2,135,-418,-348,-16,-199,-37],[12,98,272,444,373,-36,-101,-127,110,34,-132,-339,-318,-239,-45],[48,77,170,381,654,552,-44,-170,-236,-288,-84,-286,-427,-261,-83],[46,138,344,720,882,483,-183,-325,-7,-219,-284,-374,-465,-408,-257,-101],[44,154,348,836,1214,878,253,119,-677,-548,-490,-471,-618,-558,-371,-106],[44,107,328,593,1396,1427,683,-149,-118,-264,-265,-644,-736,-1038,-785,-472,-113],[100,223,666,1409,1798,1555,355,11,-320,-553,-710,-822,-772,-1343,-1089,-444,-97],[107,271,669,1606,2303,2155,577,46,-491,-250,-827,-659,-1083,-1508,-1555,-989,-334,-68]], "diffdiff" : [[0,0,91,106,-249,441,-1018,633,40,4,366],[70,509,-464,-323,67,63,-122,359,-472,306,10,-20],[-29,-21,561,-868,282,748,-1222,302,130,-76,85,-105,161],[82,38,89,-99,141,-241,-26,137,-553,70,332,-183,162],[86,174,172,-71,-409,-65,-26,237,-76,-166,-207,21,79,194],[29,93,211,273,-102,-596,-126,-66,-52,204,-202,-141,166,178],[92,206,376,162,-399,-666,-142,318,-212,-65,-90,-91,57,151,156],[110,194,488,378,-336,-625,-134,-796,129,58,19,-147,60,187,265],[63,221,265,803,31,-744,-832,31,-146,-1,-379,-92,-302,253,313,359],[123,443,743,389,-243,-1200,-344,-331,-233,-157,-112,50,-571,254,645,347],[164,398,937,697,-148,-1578,-531,-537,241,-577,168,-424,-425,-47,566,655,266]], "interval" : [[0.141421,0.161646,0.181871,0.202096,0.222321,0.242546,0.262771,0.282996,0.303221,0.323446,0.343671,0.363895,0.38412,0.404345],[0.115641,0.134525,0.153408,0.172292,0.191175,0.210058,0.228942,0.247825,0.266708,0.285592,0.304475,0.323358,0.342242,0.361125,0.380008],[0.0835953,0.0977533,0.111911,0.126069,0.140228,0.154386,0.168544,0.182702,0.19686,0.211018,0.225176,0.239334,0.253492,0.26765,0.281808,0.295966],[0.075842,0.0872573,0.0986725,0.110088,0.121503,0.132918,0.144333,0.155749,0.167164,0.178579,0.189994,0.20141,0.212825,0.22424,0.235655,0.24707],[0.0516206,0.0614792,0.0713378,0.0811963,0.0910549,0.100914,0.110772,0.120631,0.130489,0.140348,0.150207,0.160065,0.169924,0.179782,0.189641,0.1995,0.209358],[0.0413254,0.0503371,0.0593489,0.0683606,0.0773724,0.0863842,0.0953959,0.104408,0.113419,0.122431,0.131443,0.140455,0.149466,0.158478,0.16749,0.176502,0.185513],[0.0384429,0.0449564,0.05147,0.0579835,0.064497,0.0710106,0.0775241,0.0840377,0.0905512,0.0970648,0.103578,0.110092,0.116605,0.123119,0.129633,0.136146,0.14266,0.149173],[0.0302767,0.0359811,0.0416855,0.0473899,0.0530943,0.0587987,0.064503,0.0702074,0.0759118,0.0816162,0.0873206,0.093025,0.0987294,0.104434,0.110138,0.115843,0.121547,0.127251],[0.0244048,0.0289924,0.0335801,0.0381677,0.0427554,0.047343,0.0519307,0.0565184,0.061106,0.0656937,0.0702813,0.074869,0.0794566,0.0840443,0.088632,0.0932196,0.0978073,0.102395,0.106983],[0.0223604,0.0262877,0.0302149,0.0341422,0.0380695,0.0419967,0.045924,0.0498513,0.0537785,0.0577058,0.0616331,0.0655603,0.0694876,0.0734149,0.0773421,0.0812694,0.0851967,0.0891239,0.0930512],[0.0198126,0.0230727,0.0263329,0.0295931,0.0328532,0.0361134,0.0393736,0.0426337,0.0458939,0.0491541,0.0524142,0.0556744,0.0589345,0.0621947,0.0654549,0.068715,0.0719752,0.0752354,0.0784955,0.0817557]], "mid_interval" : [[0.151534,0.171759,0.191984,0.212209,0.232434,0.252658,0.272883,0.293108,0.313333,0.333558,0.353783,0.374008,0.394233],[0.125083,0.143966,0.16285,0.181733,0.200617,0.2195,0.238383,0.257267,0.27615,0.295033,0.313917,0.3328,0.351683,0.370567],[0.0906743,0.104832,0.11899,0.133149,0.147307,0.161465,0.175623,0.189781,0.203939,0.218097,0.232255,0.246413,0.260571,0.274729,0.288887],[0.0815497,0.0929649,0.10438,0.115795,0.127211,0.138626,0.150041,0.161456,0.172871,0.184287,0.195702,0.207117,0.218532,0.229948,0.241363],[0.0565499,0.0664085,0.076267,0.0861256,0.0959842,0.105843,0.115701,0.12556,0.135419,0.145277,0.155136,0.164994,0.174853,0.184712,0.19457,0.204429],[0.0458312,0.054843,0.0638548,0.0728665,0.0818783,0.09089,0.0999018,0.108914,0.117925,0.126937,0.135949,0.144961,0.153972,0.162984,0.171996,0.181008],[0.0416996,0.0482132,0.0547267,0.0612403,0.0677538,0.0742674,0.0807809,0.0872945,0.093808,0.100322,0.106835,0.113349,0.119862,0.126376,0.132889,0.139403,0.145916],[0.0331289,0.0388333,0.0445377,0.0502421,0.0559465,0.0616508,0.0673552,0.0730596,0.078764,0.0844684,0.0901728,0.0958772,0.101582,0.107286,0.11299,0.118695,0.124399],[0.0266986,0.0312862,0.0358739,0.0404616,0.0450492,0.0496369,0.0542245,0.0588122,0.0633998,0.0679875,0.0725752,0.0771628,0.0817505,0.0863381,0.0909258,0.0955134,0.100101,0.104689],[0.024324,0.0282513,0.0321786,0.0361058,0.0400331,0.0439604,0.0478876,0.0518149,0.0557422,0.0596694,0.0635967,0.067524,0.0714512,0.0753785,0.0793058,0.083233,0.0871603,0.0910876],[0.0214426,0.0247028,0.027963,0.0312231,0.0344833,0.0377435,0.0410036,0.0442638,0.047524,0.0507841,0.0540443,0.0573045,0.0605646,0.0638248,0.067085,0.0703451,0.0736053,0.0768655,0.0801256]]}