{
"time":[0.001,0.002,0.003,0.004,0.005,0.006,0.007,0.008,0.009,0.01,0.015774,0.0200839,0.023869,0.0269129,0.029605,0.0319359,0.0340107,0.0359052,0.0376795,0.0393848,0.0410338,0.0427455,0.044473,0.0461995,0.0479297,0.0496593,0.0504481,0.051924,0.0533185,0.0549046,0.056514,0.0580963,0.0596398,0.0611931,0.0627001,0.0631473,0.0637365,0.0644412,0.0659266,0.0663705,0.067474,0.0685767,0.068651],
"volume":[23.5526,23.5784,23.589,23.5987,23.6111,23.6271,23.6479,23.6723,23.7,23.7306,23.8981,23.9352,23.8505,23.7396,23.6503,23.5875,23.5398,23.501,23.4535,23.3921,23.3067,23.1904,23.0494,22.8909,22.7207,22.5368,22.4542,22.2814,22.1076,21.9017,21.6895,21.4778,21.2712,21.0613,20.8568,20.8122,20.7424,20.6525,20.4329,20.3669,20.1938,19.9932,19.9871]
}
