{
"time":[0.001,0.002,0.003,0.004,0.005,0.006,0.007],
"volume":[7.45898,7.46558,7.46727,7.47014,7.47228,7.47572,7.47883]
}
