{
"maxUcling":[0.880339843699897],
"maxUcling_meanlength":[0.0258602718762213],
"maxUcling_minlength":[0.348423915318158],
"time":[0],
"volume":[13.0795833103199]
}
