{"where_divide" : [0.135504,0.0963388,0.0642954], "bin_width" : [0.00591734,0.00366117,0.00383878], "count" : [[12,0,0,0,0,0,6],[24,0,0,0,0,0,0,12],[7,4,5,10,10,6,20,5,5]], "cumulative" : [[0.666667,0.666667,0.666667,0.666667,0.666667,0.666667,1],[0.666667,0.666667,0.666667,0.666667,0.666667,0.666667,0.666667,1],[0.0972222,0.152778,0.222222,0.361111,0.5,0.583333,0.861111,0.930556,1]], "diff" : [[-12,0,0,0,0,6],[-24,0,0,0,0,0,12],[-3,1,5,0,-4,14,-15,0]], "diffdiff" : [[12,0,0,0,6],[24,0,0,0,0,12],[4,4,-5,-4,18,-29,15]], "interval" : [[0.1,0.105917,0.111835,0.117752,0.123669,0.129587,0.135504,0.141421],[0.0707107,0.0743718,0.078033,0.0816942,0.0853553,0.0890165,0.0926777,0.0963388,0.1],[0.037424,0.0412628,0.0451015,0.0489403,0.0527791,0.0566179,0.0604566,0.0642954,0.0681342,0.071973]], "mid_interval" : [[0.102959,0.108876,0.114793,0.120711,0.126628,0.132545,0.138463],[0.0725413,0.0762024,0.0798636,0.0835248,0.0871859,0.0908471,0.0945083,0.0981694],[0.0393434,0.0431822,0.0470209,0.0508597,0.0546985,0.0585373,0.062376,0.0662148,0.0700536]]}