{"where_divide" : [0.017088,0.00935452,0.00841768,0.00687226], "bin_width" : [0.0158861,0.0081526,0.00390837,0.00209044], "count" : [[2253,573,95,66,13,9,14,3,0,0,0,0,17,2],[1637,3249,260,105,49,20,30,19,6,6,7,11,11,7,4],[2571,11659,1540,386,181,80,85,79,58,28,33,20,26,13,6,4,4],[448,6010,10995,4969,553,317,353,304,169,98,62,57,32,19,10,4,2]], "cumulative" : [[0.739901,0.928079,0.959278,0.980952,0.985222,0.988177,0.992775,0.99376,0.99376,0.99376,0.99376,0.99376,0.999343,1],[0.301974,0.90131,0.949271,0.96864,0.977679,0.981369,0.986903,0.990408,0.991514,0.992621,0.993913,0.995942,0.997971,0.999262,1],[0.153282,0.848387,0.940202,0.963215,0.974006,0.978775,0.983843,0.988553,0.992011,0.99368,0.995648,0.99684,0.99839,0.999165,0.999523,0.999762,1],[0.0183592,0.26465,0.715228,0.918859,0.941521,0.954512,0.968978,0.981436,0.988362,0.992378,0.994918,0.997254,0.998566,0.999344,0.999754,0.999918,1]], "diff" : [[-1680,-478,-29,-53,-4,5,-11,-3,0,0,0,17,-15],[1612,-2989,-155,-56,-29,10,-11,-13,0,1,4,0,-4,-3],[9088,-10119,-1154,-205,-101,5,-6,-21,-30,5,-13,6,-13,-7,-2,0],[5562,4985,-6026,-4416,-236,36,-49,-135,-71,-36,-5,-25,-13,-9,-6,-2]], "diffdiff" : [[1202,449,-24,49,9,-16,8,3,0,0,17,-32],[-4601,2834,99,27,39,-21,-2,13,1,3,-4,-4,1],[-19207,8965,949,104,106,-11,-15,-9,35,-18,19,-19,6,5,2],[-577,-11011,1610,4180,272,-85,-86,64,35,31,-20,12,4,3,4]], "interval" : [[0.00120192,0.017088,0.0329741,0.0488601,0.0647462,0.0806323,0.0965184,0.112404,0.128291,0.144177,0.160063,0.175949,0.191835,0.207721,0.223607],[0.00120192,0.00935452,0.0175071,0.0256597,0.0338123,0.0419649,0.0501175,0.0582701,0.0664227,0.0745753,0.0827279,0.0908805,0.0990331,0.107186,0.115338,0.123491],[0.000600933,0.00450931,0.00841768,0.0123261,0.0162344,0.0201428,0.0240512,0.0279596,0.0318679,0.0357763,0.0396847,0.043593,0.0475014,0.0514098,0.0553182,0.0592265,0.0631349,0.0670433],[0.00060093,0.00269137,0.00478182,0.00687226,0.0089627,0.0110531,0.0131436,0.015234,0.0173245,0.0194149,0.0215054,0.0235958,0.0256862,0.0277767,0.0298671,0.0319576,0.034048,0.0361385]], "mid_interval" : [[0.00914496,0.025031,0.0409171,0.0568032,0.0726893,0.0885753,0.104461,0.120347,0.136234,0.15212,0.168006,0.183892,0.199778,0.215664],[0.00527822,0.0134308,0.0215834,0.029736,0.0378886,0.0460412,0.0541938,0.0623464,0.070499,0.0786516,0.0868042,0.0949568,0.103109,0.111262,0.119415],[0.00255512,0.00646349,0.0103719,0.0142802,0.0181886,0.022097,0.0260054,0.0299137,0.0338221,0.0377305,0.0416389,0.0455472,0.0494556,0.053364,0.0572724,0.0611807,0.0650891],[0.00164615,0.00373659,0.00582704,0.00791748,0.0100079,0.0120984,0.0141888,0.0162793,0.0183697,0.0204601,0.0225506,0.024641,0.0267315,0.0288219,0.0309124,0.0330028,0.0350932]]}