{"where_divide" : [0.473385,0.181657,0.0945838,0.0508863,0.0492829,0.0290606,0.0241055,0.0173698,0.0148731,0.012293,0.0100439], "bin_width" : [0.0415497,0.0358505,0.00960159,0.00588746,0.00339487,0.00285989,0.00167812,0.00131021,0.000953656,0.00075015,0.000608696], "count" : [[305,12,8,12,408,12,12,12,16,16,20,52],[322,53,58,74,21,428,31,16,11,6,6,6,9],[559,251,94,105,92,94,86,131,296,672,12,184,1,3],[198,401,898,313,319,743,525,1060,385,186,123,22,13,8,2],[25,98,255,336,1209,327,407,1363,764,651,613,458,80,28,799],[120,693,926,522,1376,679,839,2121,702,995,413,188,112,78,37,9],[38,231,205,728,769,1003,882,1935,2923,1867,1191,760,303,1974,488,9],[162,380,697,1420,1899,1732,1690,5002,2277,1896,2824,1004,714,717,212,77,16],[16,216,369,416,797,1595,2962,4567,4934,2743,5469,1488,1663,1693,1651,327,33],[29,131,248,677,1415,1822,3097,5996,5244,5846,6037,3867,1965,4709,630,252,81,5],[21,118,266,681,1917,1655,8709,4767,6053,7575,8473,5713,4722,5269,1944,746,431,22]], "cumulative" : [[0.344633,0.358192,0.367232,0.380791,0.841808,0.855367,0.868927,0.882486,0.900565,0.918644,0.941243,1],[0.309318,0.360231,0.415946,0.487032,0.507205,0.918348,0.948127,0.963497,0.974063,0.979827,0.985591,0.991354,1],[0.216667,0.313953,0.350388,0.391085,0.426744,0.463178,0.496512,0.547287,0.662016,0.922481,0.927132,0.99845,0.998837,1],[0.0381062,0.115281,0.288106,0.348345,0.409738,0.552733,0.653772,0.857775,0.931871,0.967667,0.991339,0.995574,0.998075,0.999615,1],[0.00337245,0.0165925,0.0509915,0.0963173,0.259409,0.303521,0.358424,0.542291,0.645353,0.733171,0.815864,0.877647,0.888439,0.892216,1],[0.0122324,0.0828746,0.177268,0.230479,0.370744,0.439959,0.525484,0.741692,0.813252,0.914679,0.956779,0.975943,0.98736,0.995311,0.999083,1],[0.00248269,0.0175748,0.0309682,0.0785313,0.128773,0.194303,0.251927,0.378348,0.569319,0.691298,0.76911,0.818764,0.83856,0.967529,0.999412,1],[0.0071306,0.0238567,0.0545359,0.117039,0.200625,0.276861,0.351248,0.571416,0.67164,0.755095,0.879396,0.923588,0.955016,0.986575,0.995907,0.999296,1],[0.000517147,0.00749863,0.0194253,0.0328711,0.0586315,0.110185,0.205921,0.353534,0.513009,0.601668,0.778435,0.82653,0.880281,0.935001,0.988364,0.998933,1],[0.000689639,0.0038049,0.0097025,0.025802,0.0594516,0.10278,0.176429,0.319017,0.443723,0.582745,0.726309,0.818268,0.864997,0.97698,0.991962,0.997955,0.999881,1],[0.000355438,0.00235266,0.00685488,0.0183812,0.0508277,0.0788396,0.226245,0.306929,0.40938,0.537592,0.681003,0.777699,0.857622,0.946803,0.979706,0.992333,0.999628,1]], "diff" : [[-293,-4,4,396,-396,0,0,4,0,4,32],[-269,5,16,-53,407,-397,-15,-5,-5,0,0,3],[-308,-157,11,-13,2,-8,45,165,376,-660,172,-183,2],[203,497,-585,6,424,-218,535,-675,-199,-63,-101,-9,-5,-6],[73,157,81,873,-882,80,956,-599,-113,-38,-155,-378,-52,771],[573,233,-404,854,-697,160,1282,-1419,293,-582,-225,-76,-34,-41,-28],[193,-26,523,41,234,-121,1053,988,-1056,-676,-431,-457,1671,-1486,-479],[218,317,723,479,-167,-42,3312,-2725,-381,928,-1820,-290,3,-505,-135,-61],[200,153,47,381,798,1367,1605,367,-2191,2726,-3981,175,30,-42,-1324,-294],[102,117,429,738,407,1275,2899,-752,602,191,-2170,-1902,2744,-4079,-378,-171,-76],[97,148,415,1236,-262,7054,-3942,1286,1522,898,-2760,-991,547,-3325,-1198,-315,-409]], "diffdiff" : [[289,8,392,-792,396,0,4,-4,4,28],[274,11,-69,460,-804,382,10,0,5,0,3],[151,168,-24,15,-10,53,120,211,-1036,832,-355,185],[294,-1082,591,418,-642,753,-1210,476,136,-38,92,4,-1],[84,-76,792,-1755,962,876,-1555,486,75,-117,-223,326,823],[-340,-637,1258,-1551,857,1122,-2701,1712,-875,357,149,42,-7,13],[-219,549,-482,193,-355,1174,-65,-2044,380,245,-26,2128,-3157,1007],[99,406,-244,-646,125,3354,-6037,2344,1309,-2748,1530,293,-508,370,74],[-47,-106,334,417,569,238,-1238,-2558,4917,-6707,4156,-145,-72,-1282,1030],[15,312,309,-331,868,1624,-3651,1354,-411,-2361,268,4646,-6823,3701,207,95],[51,267,821,-1498,7316,-10996,5228,236,-624,-3658,1769,1538,-3872,2127,883,-94]], "interval" : [[0.0163389,0.0578885,0.0994382,0.140988,0.182538,0.224087,0.265637,0.307187,0.348736,0.390286,0.431835,0.473385,0.514935],[0.00240496,0.0382554,0.0741059,0.109956,0.145807,0.181657,0.217508,0.253358,0.289209,0.325059,0.36091,0.39676,0.43261,0.468461],[0.00816953,0.0177711,0.0273727,0.0369743,0.0465759,0.0561775,0.0657791,0.0753807,0.0849822,0.0945838,0.104185,0.113787,0.123389,0.13299,0.142592],[0.00378661,0.00967408,0.0155615,0.021449,0.0273365,0.0332239,0.0391114,0.0449988,0.0508863,0.0567738,0.0626612,0.0685487,0.0744362,0.0803236,0.0862111,0.0920985],[0.00175477,0.00514963,0.0085445,0.0119394,0.0153342,0.0187291,0.022124,0.0255188,0.0289137,0.0323086,0.0357034,0.0390983,0.0424931,0.045888,0.0492829,0.0526777],[0.00332163,0.00618152,0.0090414,0.0119013,0.0147612,0.0176211,0.0204809,0.0233408,0.0262007,0.0290606,0.0319205,0.0347804,0.0376403,0.0405001,0.04336,0.0462199,0.0490798],[0.0022899,0.00396802,0.00564614,0.00732427,0.00900239,0.0106805,0.0123586,0.0140368,0.0157149,0.017393,0.0190711,0.0207492,0.0224274,0.0241055,0.0257836,0.0274617,0.0291399],[0.00295746,0.00426767,0.00557789,0.0068881,0.00819832,0.00950853,0.0108187,0.012129,0.0134392,0.0147494,0.0160596,0.0173698,0.01868,0.0199903,0.0213005,0.0226107,0.0239209,0.0252311],[0.00247562,0.00342928,0.00438293,0.00533659,0.00629024,0.0072439,0.00819756,0.00915121,0.0101049,0.0110585,0.0120122,0.0129658,0.0139195,0.0148731,0.0158268,0.0167805,0.0177341,0.0186878],[0.00254104,0.00329119,0.00404134,0.00479149,0.00554164,0.00629179,0.00704194,0.00779209,0.00854224,0.00929239,0.0100425,0.0107927,0.0115428,0.012293,0.0130431,0.0137933,0.0145434,0.0152936,0.0160437],[0.0021308,0.0027395,0.00334819,0.00395689,0.00456559,0.00517428,0.00578298,0.00639168,0.00700037,0.00760907,0.00821776,0.00882646,0.00943516,0.0100439,0.0106525,0.0112612,0.0118699,0.0124786,0.0130873]], "mid_interval" : [[0.0371137,0.0786634,0.120213,0.161763,0.203312,0.244862,0.286412,0.327961,0.369511,0.411061,0.45261,0.49416],[0.0203302,0.0561807,0.0920311,0.127882,0.163732,0.199582,0.235433,0.271283,0.307134,0.342984,0.378835,0.414685,0.450536],[0.0129703,0.0225719,0.0321735,0.0417751,0.0513767,0.0609783,0.0705799,0.0801814,0.089783,0.0993846,0.108986,0.118588,0.128189,0.137791],[0.00673035,0.0126178,0.0185053,0.0243927,0.0302802,0.0361677,0.0420551,0.0479426,0.05383,0.0597175,0.065605,0.0714924,0.0773799,0.0832673,0.0891548],[0.0034522,0.00684706,0.0102419,0.0136368,0.0170317,0.0204265,0.0238214,0.0272163,0.0306111,0.034006,0.0374009,0.0407957,0.0441906,0.0475854,0.0509803],[0.00475157,0.00761146,0.0104713,0.0133312,0.0161911,0.019051,0.0219109,0.0247708,0.0276307,0.0304905,0.0333504,0.0362103,0.0390702,0.0419301,0.04479,0.0476499],[0.00312896,0.00480708,0.0064852,0.00816333,0.00984145,0.0115196,0.0131977,0.0148758,0.0165539,0.0182321,0.0199102,0.0215883,0.0232664,0.0249446,0.0266227,0.0283008],[0.00361257,0.00492278,0.006233,0.00754321,0.00885343,0.0101636,0.0114739,0.0127841,0.0140943,0.0154045,0.0167147,0.0180249,0.0193351,0.0206454,0.0219556,0.0232658,0.024576],[0.00295245,0.00390611,0.00485976,0.00581342,0.00676707,0.00772073,0.00867438,0.00962804,0.0105817,0.0115354,0.012489,0.0134427,0.0143963,0.01535,0.0163036,0.0172573,0.0182109],[0.00291612,0.00366627,0.00441642,0.00516657,0.00591672,0.00666687,0.00741702,0.00816717,0.00891732,0.00966747,0.0104176,0.0111678,0.0119179,0.0126681,0.0134182,0.0141684,0.0149185,0.0156687],[0.00243515,0.00304385,0.00365254,0.00426124,0.00486993,0.00547863,0.00608733,0.00669602,0.00730472,0.00791342,0.00852211,0.00913081,0.0097395,0.0103482,0.0109569,0.0115656,0.0121743,0.012783]]}