{"where_divide" : [0.135504,0.0963388,0.0631192,0.0532452,0.0481523,0.0384593,0.0312668], "bin_width" : [0.00591734,0.00366117,0.00395709,0.00328133,0.00337772,0.00315722,0.0023158], "count" : [[12,0,0,0,0,0,6],[24,0,0,0,0,0,0,12],[6,9,13,5,10,10,12,2,5],[23,20,32,9,8,10,12,8,3,4],[2,6,18,20,43,31,14,19,4,17],[2,17,24,44,45,44,20,21,6,2],[4,15,22,41,36,44,42,41,40,19,8]], "cumulative" : [[0.666667,0.666667,0.666667,0.666667,0.666667,0.666667,1],[0.666667,0.666667,0.666667,0.666667,0.666667,0.666667,0.666667,1],[0.0833333,0.208333,0.388889,0.458333,0.597222,0.736111,0.902778,0.930556,1],[0.178295,0.333333,0.581395,0.651163,0.713178,0.790698,0.883721,0.945736,0.968992,1],[0.0114943,0.045977,0.149425,0.264368,0.511494,0.689655,0.770115,0.87931,0.902299,1],[0.00888889,0.0844444,0.191111,0.386667,0.586667,0.782222,0.871111,0.964444,0.991111,1],[0.0128205,0.0608974,0.13141,0.262821,0.378205,0.519231,0.653846,0.785256,0.913462,0.974359,1]], "diff" : [[-12,0,0,0,0,6],[-24,0,0,0,0,0,12],[3,4,-8,5,0,2,-10,3],[-3,12,-23,-1,2,2,-4,-5,1],[4,12,2,23,-12,-17,5,-15,13],[15,7,20,1,-1,-24,1,-15,-4],[11,7,19,-5,8,-2,-1,-1,-21,-11]], "diffdiff" : [[12,0,0,0,6],[24,0,0,0,0,12],[1,-12,13,-5,2,-12,13],[15,-35,22,3,0,-6,-1,6],[8,-10,21,-35,-5,22,-20,28],[-8,13,-19,-2,-23,25,-16,11],[-4,12,-24,13,-10,1,0,-20,10]], "interval" : [[0.1,0.105917,0.111835,0.117752,0.123669,0.129587,0.135504,0.141421],[0.0707107,0.0743718,0.078033,0.0816942,0.0853553,0.0890165,0.0926777,0.0963388,0.1],[0.0393767,0.0433338,0.0472909,0.051248,0.0552051,0.0591621,0.0631192,0.0670763,0.0710334,0.0749905],[0.0302759,0.0335572,0.0368386,0.0401199,0.0434012,0.0466826,0.0499639,0.0532452,0.0565266,0.0598079,0.0630892],[0.0177528,0.0211305,0.0245083,0.027886,0.0312637,0.0346414,0.0380191,0.0413968,0.0447746,0.0481523,0.05153],[0.0163588,0.019516,0.0226732,0.0258305,0.0289877,0.0321449,0.0353021,0.0384593,0.0416166,0.0447738,0.047931],[0.0127404,0.0150562,0.017372,0.0196878,0.0220036,0.0243194,0.0266352,0.028951,0.0312668,0.0335826,0.0358984,0.0382142]], "mid_interval" : [[0.102959,0.108876,0.114793,0.120711,0.126628,0.132545,0.138463],[0.0725413,0.0762024,0.0798636,0.0835248,0.0871859,0.0908471,0.0945083,0.0981694],[0.0413552,0.0453123,0.0492694,0.0532265,0.0571836,0.0611407,0.0650978,0.0690549,0.073012],[0.0319166,0.0351979,0.0384792,0.0417606,0.0450419,0.0483232,0.0516046,0.0548859,0.0581672,0.0614486],[0.0194417,0.0228194,0.0261971,0.0295748,0.0329525,0.0363303,0.039708,0.0430857,0.0464634,0.0498411],[0.0179374,0.0210946,0.0242518,0.0274091,0.0305663,0.0337235,0.0368807,0.040038,0.0431952,0.0463524],[0.0138983,0.0162141,0.0185299,0.0208457,0.0231615,0.0254773,0.0277931,0.0301089,0.0324247,0.0347405,0.0370563]]}