{"where_divide" : [45419.9,32482,14629.1,7388.94], "bin_width" : [2519.52,5239.35,2716.64,1145.44], "count" : [[2465,317,653,274,523,507,163,2004,142,296,179,66,4542,60422,318,232,200,32,31632],[3213,803,649,2468,5664,20422,34639,23376,10213,2821,561,81,22,16,8,4,4,2,1],[2615,1235,663,1123,9043,44643,111408,89328,41259,14189,3713,770,161,33,13,7,3,4,0,0,1],[3814,587,579,855,2021,26302,108376,355880,401464,201014,84787,35063,11699,3184,840,236,57,20,13,8,4,2,2]], "cumulative" : [[0.0234836,0.0265036,0.0327246,0.0353349,0.0403174,0.0451475,0.0467004,0.0657921,0.0671449,0.0699648,0.0716701,0.0722989,0.11557,0.691198,0.694228,0.696438,0.698343,0.698648,1],[0.0306096,0.0382596,0.0444425,0.0679547,0.121915,0.316471,0.64647,0.869168,0.966466,0.993341,0.998685,0.999457,0.999667,0.999819,0.999895,0.999933,0.999971,0.99999,1],[0.00816649,0.0120233,0.0140938,0.0176009,0.0458416,0.185259,0.53318,0.812146,0.940995,0.985307,0.996902,0.999307,0.99981,0.999913,0.999953,0.999975,0.999984,0.999997,0.999997,0.999997,1],[0.00308375,0.00355836,0.0040265,0.00471779,0.00635184,0.0276179,0.115244,0.402984,0.727582,0.890108,0.958661,0.987011,0.99647,0.999044,0.999723,0.999914,0.99996,0.999977,0.999987,0.999994,0.999997,0.999998,1]], "diff" : [[-2148,336,-379,249,-16,-344,1841,-1862,154,-117,-113,4476,55880,-60104,-86,-32,-168,31600],[-2410,-154,1819,3196,14758,14217,-11263,-13163,-7392,-2260,-480,-59,-6,-8,-4,0,-2,-1],[-1380,-572,460,7920,35600,66765,-22080,-48069,-27070,-10476,-2943,-609,-128,-20,-6,-4,1,-4,0,1],[-3227,-8,276,1166,24281,82074,247504,45584,-200450,-116227,-49724,-23364,-8515,-2344,-604,-179,-37,-7,-5,-4,-2,0]], "diffdiff" : [[2484,-715,628,-265,-328,2185,-3703,2016,-271,4,4589,51404,-115984,60018,54,-136,31768],[2256,1973,1377,11562,-541,-25480,-1900,5771,5132,1780,421,53,-2,4,4,-2,1],[808,1032,7460,27680,31165,-88845,-25989,20999,16594,7533,2334,481,108,14,2,5,-5,4,1],[3219,284,890,23115,57793,165430,-201920,-246034,84223,66503,26360,14849,6171,1740,425,142,30,2,1,2,2]], "interval" : [[68.5311,2588.05,5107.57,7627.1,10146.6,12666.1,15185.7,17705.2,20224.7,22744.2,25263.7,27783.3,30302.8,32822.3,35341.8,37861.4,40380.9,42900.4,45419.9,47939.4],[1045.87,6285.22,11524.6,16763.9,22003.3,27242.6,32482,37721.3,42960.7,48200,53439.4,58678.7,63918.1,69157.4,74396.8,79636.1,84875.5,90114.8,95354.2,100594],[1045.87,3762.51,6479.15,9195.79,11912.4,14629.1,17345.7,20062.4,22779,25495.6,28212.3,30928.9,33645.6,36362.2,39078.8,41795.5,44512.1,47228.8,49945.4,52662.1,55378.7,58095.3],[516.277,1661.72,2807.16,3952.61,5098.05,6243.49,7388.94,8534.38,9679.83,10825.3,11970.7,13116.2,14261.6,15407,16552.5,17697.9,18843.4,19988.8,21134.3,22279.7,23425.1,24570.6,25716,26861.5]], "mid_interval" : [[1328.29,3847.81,6367.34,8886.86,11406.4,13925.9,16445.4,18964.9,21484.5,24004,26523.5,29043,31562.6,34082.1,36601.6,39121.1,41640.6,44160.2,46679.7],[3665.54,8904.89,14144.2,19383.6,24622.9,29862.3,35101.6,40341,45580.3,50819.7,56059,61298.4,66537.7,71777.1,77016.4,82255.8,87495.1,92734.5,97973.8],[2404.19,5120.83,7837.47,10554.1,13270.8,15987.4,18704,21420.7,24137.3,26854,29570.6,32287.2,35003.9,37720.5,40437.2,43153.8,45870.5,48587.1,51303.7,54020.4,56737],[1089,2234.44,3379.89,4525.33,5670.77,6816.22,7961.66,9107.1,10252.5,11398,12543.4,13688.9,14834.3,15979.8,17125.2,18270.7,19416.1,20561.5,21707,22852.4,23997.9,25143.3,26288.8]]}