{"where_divide" : [45.9266,28.0219,18.7264,13.9395,10.1349,9.24041,7.12096,5.61016,4.98436,4.22667,3.60994,3.1324,2.76846,2.41335,2.07738,1.74478,1.49065,1.27596,1.17338,1.06565,0.935209], "bin_width" : [5.65925,3.90996,2.25936,1.66099,1.18545,0.780859,0.754961,0.660482,0.423459,0.390051,0.328378,0.255112,0.222027,0.189745,0.14876,0.131933,0.0999612,0.0817557,0.0750195,0.0601978,0.0543401], "count" : [[81,48,8,20,8,6,0,0,6,9],[75,29,58,17,24,6,10,9,2,1],[67,12,29,25,67,12,18,11,20,0,6],[63,19,32,54,33,80,25,20,13,4,2],[55,25,21,34,58,38,46,82,27,10,6],[56,13,17,24,47,62,104,49,49,39,16,55],[74,8,107,24,37,60,161,97,54,43,24,7],[74,10,25,126,105,134,138,209,70,22,4,1],[74,0,7,19,42,177,156,213,184,142,78,110,7],[152,8,77,15,36,341,162,228,235,179,90,33,4],[152,5,77,16,38,155,497,288,277,264,128,38,6],[64,91,5,81,29,86,228,408,684,377,232,137,32,3],[64,90,6,10,107,142,257,460,577,713,361,147,36,3],[64,89,1,19,31,218,332,451,590,567,528,549,86,6],[104,59,636,97,68,118,598,553,748,716,694,543,319,164,37],[102,41,283,455,144,356,647,1201,1049,1024,860,545,226,70,11],[99,6,51,282,535,378,765,1208,1479,1698,1305,876,586,231,66,5],[98,6,39,94,422,849,1023,1429,1827,1904,1732,1544,847,309,88,23],[34,64,23,203,562,1709,1853,2442,2707,2503,1920,1176,514,305,17,3],[262,180,129,301,318,1024,1673,2152,2420,2755,2631,2213,1394,775,270,46,9],[252,110,207,293,654,994,2321,2723,3240,3320,3060,2345,1458,657,197,15,6]], "cumulative" : [[0.435484,0.693548,0.736559,0.844086,0.887097,0.919355,0.919355,0.919355,0.951613,1],[0.324675,0.450216,0.701299,0.774892,0.878788,0.904762,0.948052,0.987013,0.995671,1],[0.250936,0.29588,0.404494,0.498127,0.749064,0.794007,0.861423,0.902622,0.977528,0.977528,1],[0.182609,0.237681,0.330435,0.486957,0.582609,0.814493,0.886957,0.944928,0.982609,0.994203,1],[0.136816,0.199005,0.251244,0.335821,0.4801,0.574627,0.689055,0.893035,0.960199,0.985075,1],[0.105461,0.129944,0.161959,0.207156,0.295669,0.412429,0.608286,0.700565,0.792844,0.86629,0.896422,1],[0.106322,0.117816,0.271552,0.306034,0.359195,0.445402,0.676724,0.816092,0.893678,0.95546,0.989943,1],[0.08061,0.0915033,0.118736,0.255991,0.37037,0.51634,0.666667,0.894336,0.970588,0.994553,0.998911,1],[0.0612076,0.0612076,0.0669975,0.082713,0.117452,0.263854,0.392887,0.569065,0.721257,0.83871,0.903226,0.99421,1],[0.0974359,0.102564,0.151923,0.161538,0.184615,0.403205,0.507051,0.653205,0.803846,0.91859,0.976282,0.997436,1],[0.0783101,0.0808861,0.120556,0.1288,0.148377,0.228233,0.484286,0.632664,0.775374,0.911386,0.977331,0.996909,1],[0.026048,0.0630851,0.0651201,0.0980871,0.10989,0.144892,0.237688,0.403744,0.682133,0.835572,0.929996,0.985755,0.998779,1],[0.0215271,0.0517995,0.0538177,0.0571813,0.0931719,0.140935,0.22738,0.382106,0.576186,0.816011,0.937437,0.986882,0.998991,1],[0.0181252,0.0433305,0.0436137,0.0489946,0.057774,0.119513,0.213537,0.341263,0.508355,0.668932,0.818465,0.973945,0.998301,1],[0.0190686,0.0298863,0.146498,0.164283,0.176751,0.198387,0.308031,0.409424,0.546571,0.677851,0.805097,0.904657,0.963146,0.993216,1],[0.0145423,0.0203878,0.0607357,0.125606,0.146136,0.196892,0.289136,0.460365,0.609923,0.755917,0.878529,0.95623,0.988452,0.998432,1],[0.0103448,0.0109718,0.0163009,0.045768,0.101672,0.14117,0.221108,0.347335,0.501881,0.67931,0.815674,0.90721,0.968443,0.992581,0.999478,1],[0.00801046,0.0085009,0.0116887,0.0193722,0.0538663,0.123263,0.206882,0.323688,0.473026,0.628658,0.770231,0.896436,0.965669,0.990927,0.99812,1],[0.00212036,0.00611163,0.00754599,0.0202058,0.0552541,0.161833,0.277393,0.429685,0.598503,0.754599,0.874337,0.947677,0.979732,0.998753,0.999813,1],[0.0141225,0.0238249,0.0307784,0.047003,0.064144,0.11934,0.209519,0.325517,0.455962,0.604463,0.746281,0.865567,0.940707,0.982482,0.997035,0.999515,1],[0.0115321,0.016566,0.0260388,0.0394472,0.0693758,0.114864,0.221078,0.345689,0.493959,0.645891,0.785923,0.893236,0.959958,0.990024,0.999039,0.999725,1]], "diff" : [[-33,-40,12,-12,-2,-6,0,6,3],[-46,29,-41,7,-18,4,-1,-7,-1],[-55,17,-4,42,-55,6,-7,9,-20,6],[-44,13,22,-21,47,-55,-5,-7,-9,-2],[-30,-4,13,24,-20,8,36,-55,-17,-4],[-43,4,7,23,15,42,-55,0,-10,-23,39],[-66,99,-83,13,23,101,-64,-43,-11,-19,-17],[-64,15,101,-21,29,4,71,-139,-48,-18,-3],[-74,7,12,23,135,-21,57,-29,-42,-64,32,-103],[-144,69,-62,21,305,-179,66,7,-56,-89,-57,-29],[-147,72,-61,22,117,342,-209,-11,-13,-136,-90,-32],[27,-86,76,-52,57,142,180,276,-307,-145,-95,-105,-29],[26,-84,4,97,35,115,203,117,136,-352,-214,-111,-33],[25,-88,18,12,187,114,119,139,-23,-39,21,-463,-80],[-45,577,-539,-29,50,480,-45,195,-32,-22,-151,-224,-155,-127],[-61,242,172,-311,212,291,554,-152,-25,-164,-315,-319,-156,-59],[-93,45,231,253,-157,387,443,271,219,-393,-429,-290,-355,-165,-61],[-92,33,55,328,427,174,406,398,77,-172,-188,-697,-538,-221,-65],[30,-41,180,359,1147,144,589,265,-204,-583,-744,-662,-209,-288,-14],[-82,-51,172,17,706,649,479,268,335,-124,-418,-819,-619,-505,-224,-37],[-142,97,86,361,340,1327,402,517,80,-260,-715,-887,-801,-460,-182,-9]], "diffdiff" : [[-7,52,-24,10,-4,6,6,-3],[75,-70,48,-25,22,-5,-6,6],[72,-21,46,-97,61,-13,16,-29,26],[57,9,-43,68,-102,50,-2,-2,7],[26,17,11,-44,28,28,-91,38,13],[47,3,16,-8,27,-97,55,-10,-13,62],[165,-182,96,10,78,-165,21,32,-8,2],[79,86,-122,50,-25,67,-210,91,30,15],[81,5,11,112,-156,78,-86,-13,-22,96,-135],[213,-131,83,284,-484,245,-59,-63,-33,32,28],[219,-133,83,95,225,-551,198,-2,-123,46,58],[-113,162,-128,109,85,38,96,-583,162,50,-10,76],[-110,88,93,-62,80,88,-86,19,-488,138,103,78],[-113,106,-6,175,-73,5,20,-162,-16,60,-484,383],[622,-1116,510,79,430,-525,240,-227,10,-129,-73,69,28],[303,-70,-483,523,79,263,-706,127,-139,-151,-4,163,97],[138,186,22,-410,544,56,-172,-52,-612,-36,139,-65,190,104],[125,22,273,99,-253,232,-8,-321,-249,-16,-509,159,317,156],[-71,221,179,788,-1003,445,-324,-469,-379,-161,82,453,-79,274],[31,223,-155,689,-57,-170,-211,67,-459,-294,-401,200,114,281,187],[239,-11,275,-21,987,-925,115,-437,-340,-455,-172,86,341,278,173]],