{"where_divide" : [19.9028,19.9028,8.33102,4.51798,2.95836,2.41485,0.841427,0.246171,0.0801465,0.0786502,0.0252003], "bin_width" : [3.30136,3.30136,1.64728,0.745224,0.491363,0.300739,0.208424,0.117164,0.0689179,0.0339625,0.0145553], "count" : [[15,0,0,12,0,0,3],[15,0,0,12,0,0,3],[19,0,0,0,0,3,6,11],[31,10,3,0,0,1,26,0,28],[76,19,24,9,19,45,68,0,0,0,1],[126,58,33,39,37,91,11,17,50,4,2],[141,61,58,45,49,92,84,42,42,12,7,3],[287,144,186,237,248,247,120,84,39,22,9,4,2],[691,811,1430,1123,604,285,148,69,35,16,6,1,0,3,1],[1900,4092,6107,3879,1618,679,276,127,67,35,17,9,7,5,0,0,1],[959,5932,20771,17556,7401,2830,1060,404,189,90,51,23,18,3,6,4,2,1]], "cumulative" : [[0.5,0.5,0.5,0.9,0.9,0.9,1],[0.5,0.5,0.5,0.9,0.9,0.9,1],[0.487179,0.487179,0.487179,0.487179,0.487179,0.564103,0.717949,1],[0.313131,0.414141,0.444444,0.444444,0.444444,0.454545,0.717172,0.717172,1],[0.291188,0.363985,0.455939,0.490421,0.563218,0.735632,0.996169,0.996169,0.996169,0.996169,1],[0.269231,0.393162,0.463675,0.547009,0.626068,0.820513,0.844017,0.880342,0.987179,0.995726,1],[0.221698,0.31761,0.408805,0.47956,0.556604,0.701258,0.833333,0.899371,0.965409,0.984277,0.995283,1],[0.176182,0.264579,0.37876,0.524248,0.676489,0.828115,0.90178,0.953346,0.977287,0.990792,0.996317,0.998772,1],[0.132299,0.287574,0.561363,0.776374,0.892016,0.946582,0.974919,0.988129,0.994831,0.997894,0.999043,0.999234,0.999234,0.999809,1],[0.100962,0.318402,0.642914,0.849036,0.935012,0.971093,0.985759,0.992508,0.996068,0.997928,0.998831,0.999309,0.999681,0.999947,0.999947,0.999947,1],[0.0167365,0.120262,0.482757,0.789145,0.918307,0.967696,0.986195,0.993246,0.996545,0.998115,0.999005,0.999407,0.999721,0.999773,0.999878,0.999948,0.999983,1]], "diff" : [[-15,0,12,-12,0,3],[-15,0,12,-12,0,3],[-19,0,0,0,3,3,5],[-21,-7,-3,0,1,25,-26,28],[-57,5,-15,10,26,23,-68,0,0,1],[-68,-25,6,-2,54,-80,6,33,-46,-2],[-80,-3,-13,4,43,-8,-42,0,-30,-5,-4],[-143,42,51,11,-1,-127,-36,-45,-17,-13,-5,-2],[120,619,-307,-519,-319,-137,-79,-34,-19,-10,-5,-1,3,-2],[2192,2015,-2228,-2261,-939,-403,-149,-60,-32,-18,-8,-2,-2,-5,0,1],[4973,14839,-3215,-10155,-4571,-1770,-656,-215,-99,-39,-28,-5,-15,3,-2,-2,-1]], "diffdiff" : [[15,12,-24,12,3],[15,12,-24,12,3],[19,0,0,3,0,2],[14,4,3,1,24,-51,54],[62,-20,25,16,-3,-91,68,0,1],[43,31,-8,56,-134,86,27,-79,44],[77,-10,17,39,-51,-34,42,-30,25,1],[185,9,-40,-12,-126,91,-9,28,4,8,3],[499,-926,-212,200,182,58,45,15,9,5,4,4,-5],[-177,-4243,-33,1322,536,254,89,28,14,10,6,0,-3,5,1],[9866,-18054,-6940,5584,2801,1114,441,116,60,11,23,-10,18,-5,0,1]], "interval" : [[0.0946,3.39596,6.69732,9.99869,13.3,16.6014,19.9028,23.2041],[0.0946,3.39596,6.69732,9.99869,13.3,16.6014,19.9028,23.2041],[0.0946,1.74188,3.38917,5.03645,6.68374,8.33102,9.97831,11.6256,13.2729],[0.0466337,0.791858,1.53708,2.28231,3.02753,3.77275,4.51798,5.2632,6.00843,6.75365],[0.0101766,0.50154,0.992903,1.48427,1.97563,2.46699,2.95836,3.44972,3.94108,4.43245,4.92381,5.41517],[0.00894129,0.30968,0.610419,0.911159,1.2119,1.51264,1.81338,2.11411,2.41485,2.71559,3.01633,3.31707],[0.0077322,0.216156,0.42458,0.633003,0.841427,1.04985,1.25827,1.4667,1.67512,1.88355,2.09197,2.30039,2.50882],[0.0118424,0.129006,0.246171,0.363335,0.480499,0.597663,0.714827,0.831991,0.949155,1.06632,1.18348,1.30065,1.41781,1.53498],[0.0112286,0.0801465,0.149064,0.217982,0.2869,0.355818,0.424736,0.493654,0.562571,0.631489,0.700407,0.769325,0.838243,0.907161,0.976079,1.045],[0.0107252,0.0446877,0.0786502,0.112613,0.146575,0.180538,0.2145,0.248463,0.282425,0.316387,0.35035,0.384312,0.418275,0.452237,0.4862,0.520162,0.554125,0.588087],[0.010645,0.0252003,0.0397556,0.0543109,0.0688662,0.0834215,0.0979768,0.112532,0.127087,0.141643,0.156198,0.170753,0.185309,0.199864,0.214419,0.228974,0.24353,0.258085,0.27264]], "mid_interval" : [[1.74528,5.04664,8.348,11.6494,14.9507,18.2521,21.5535],[1.74528,5.04664,8.348,11.6494,14.9507,18.2521,21.5535],[0.918242,2.56553,4.21281,5.8601,7.50738,9.15467,10.8019,12.4492],[0.419246,1.16447,1.90969,2.65492,3.40014,4.14537,4.89059,5.63581,6.38104],[0.255858,0.747222,1.23858,1.72995,2.22131,2.71267,3.20404,3.6954,4.18676,4.67813,5.16949],[0.159311,0.46005,0.760789,1.06153,1.36227,1.66301,1.96375,2.26448,2.56522,2.86596,3.1667],[0.111944,0.320368,0.528792,0.737215,0.945639,1.15406,1.36249,1.57091,1.77933,1.98776,2.19618,2.40461],[0.0704244,0.187588,0.304753,0.421917,0.539081,0.656245,0.773409,0.890573,1.00774,1.1249,1.24207,1.35923,1.47639],[0.0456875,0.114605,0.183523,0.252441,0.321359,0.390277,0.459195,0.528113,0.59703,0.665948,0.734866,0.803784,0.872702,0.94162,1.01054],[0.0277065,0.0616689,0.0956314,0.129594,0.163556,0.197519,0.231481,0.265444,0.299406,0.333369,0.367331,0.401294,0.435256,0.469219,0.503181,0.537143,0.571106],[0.0179227,0.032478,0.0470333,0.0615886,0.0761439,0.0906992,0.105254,0.11981,0.134365,0.14892,0.163476,0.178031,0.192586,0.207142,0.221697,0.236252,0.250807,0.265363]]}