{"where_divide" : [0.342947,0.264767,0.207583,0.170239,0.135254,0.115094,0.0969941,0.0801778,0.0662715,0.0577704,0.0479012], "bin_width" : [0.0287045,0.0226402,0.017509,0.0142782,0.0106192,0.00827912,0.00644031,0.005681,0.00421126,0.00361949,0.00299666], "count" : [[8,55,4,4,4,39,97,36,0,18,26],[12,30,11,21,53,48,82,40,23,31,18],[9,12,39,35,54,84,75,41,72,59,19,17],[6,12,28,46,201,126,119,108,70,38,24,23],[17,26,18,52,111,169,208,152,117,92,59,28,7],[24,66,66,177,275,226,205,217,190,106,44,16,2],[6,28,89,111,253,290,313,260,218,190,201,88,65,6],[18,19,54,158,337,593,524,419,364,323,207,131,42,9],[6,25,69,119,258,476,530,619,648,580,410,291,202,106,26],[15,44,107,334,595,920,790,758,681,705,606,429,191,56,9],[12,44,93,231,579,973,1205,1123,1013,906,720,645,447,227,64,13]], "cumulative" : [[0.0274914,0.216495,0.230241,0.243986,0.257732,0.391753,0.725086,0.848797,0.848797,0.910653,1],[0.0325203,0.113821,0.143631,0.200542,0.344173,0.474255,0.696477,0.804878,0.867209,0.95122,1],[0.0174419,0.0406977,0.116279,0.184109,0.28876,0.45155,0.596899,0.676357,0.815891,0.930233,0.967054,1],[0.00749064,0.0224719,0.0574282,0.114856,0.365793,0.523096,0.67166,0.806492,0.893883,0.941323,0.971286,1],[0.0160985,0.0407197,0.0577652,0.107008,0.212121,0.372159,0.569129,0.713068,0.823864,0.910985,0.966856,0.993371,1],[0.0148699,0.0557621,0.0966543,0.20632,0.376704,0.516729,0.643742,0.778191,0.895911,0.961586,0.988848,0.998761,1],[0.00283286,0.0160529,0.0580737,0.110482,0.229934,0.366856,0.514636,0.637394,0.740321,0.830028,0.924929,0.966478,0.997167,1],[0.00562852,0.0115697,0.0284553,0.0778612,0.18324,0.368668,0.53252,0.66354,0.777361,0.878361,0.943089,0.984053,0.997186,1],[0.00137457,0.00710195,0.0229095,0.0501718,0.109278,0.218328,0.339748,0.481558,0.630011,0.762887,0.856816,0.923482,0.969759,0.994044,1],[0.00240385,0.00945513,0.0266026,0.0801282,0.175481,0.322917,0.449519,0.570994,0.680128,0.793109,0.890224,0.958974,0.989583,0.998558,1],[0.00144665,0.00675105,0.0179626,0.0458107,0.115612,0.232911,0.37818,0.513562,0.635684,0.744907,0.831706,0.909464,0.963351,0.990717,0.998433,1]], "diff" : [[47,-51,0,0,35,58,-61,-36,18,8],[18,-19,10,32,-5,34,-42,-17,8,-13],[3,27,-4,19,30,-9,-34,31,-13,-40,-2],[6,16,18,155,-75,-7,-11,-38,-32,-14,-1],[9,-8,34,59,58,39,-56,-35,-25,-33,-31,-21],[42,0,111,98,-49,-21,12,-27,-84,-62,-28,-14],[22,61,22,142,37,23,-53,-42,-28,11,-113,-23,-59],[1,35,104,179,256,-69,-105,-55,-41,-116,-76,-89,-33],[19,44,50,139,218,54,89,29,-68,-170,-119,-89,-96,-80],[29,63,227,261,325,-130,-32,-77,24,-99,-177,-238,-135,-47],[32,49,138,348,394,232,-82,-110,-107,-186,-75,-198,-220,-163,-51]], "diffdiff" : [[-98,51,0,35,23,-119,25,54,-10],[-37,29,22,-37,39,-76,25,25,-21],[24,-31,23,11,-39,-25,65,-44,-27,38],[10,2,137,-230,68,-4,-27,6,18,13],[-17,42,25,-1,-19,-95,21,10,-8,2,10],[-42,111,-13,-147,28,33,-39,-57,22,34,14],[39,-39,120,-105,-14,-76,11,14,39,-124,90,-36],[34,69,75,77,-325,-36,50,14,-75,40,-13,56],[25,6,89,79,-164,35,-60,-97,-102,51,30,-7,16],[34,164,34,64,-455,98,-45,101,-123,-78,-61,103,88],[17,89,210,46,-162,-314,-28,3,-79,111,-123,-22,57,112]], "interval" : [[0.0559017,0.0846062,0.113311,0.142015,0.17072,0.199424,0.228129,0.256834,0.285538,0.314243,0.342947,0.371652],[0.0610058,0.083646,0.106286,0.128926,0.151567,0.174207,0.196847,0.219487,0.242127,0.264767,0.287408,0.310048],[0.050002,0.067511,0.08502,0.102529,0.120038,0.137547,0.155056,0.172565,0.190074,0.207583,0.225092,0.242601,0.26011],[0.0417355,0.0560137,0.0702918,0.08457,0.0988482,0.113126,0.127405,0.141683,0.155961,0.170239,0.184517,0.198795,0.213073],[0.0396809,0.0503001,0.0609194,0.0715386,0.0821578,0.092777,0.103396,0.114016,0.124635,0.135254,0.145873,0.156492,0.167112,0.177731],[0.0405821,0.0488612,0.0571403,0.0654194,0.0736986,0.0819777,0.0902568,0.0985359,0.106815,0.115094,0.123373,0.131652,0.139932,0.148211],[0.032591,0.0390313,0.0454716,0.0519119,0.0583522,0.0647925,0.0712328,0.0776731,0.0841134,0.0905537,0.0969941,0.103434,0.109875,0.116315,0.122755],[0.0233678,0.0290488,0.0347298,0.0404108,0.0460918,0.0517728,0.0574538,0.0631348,0.0688158,0.0744968,0.0801778,0.0858588,0.0915398,0.0972208,0.102902],[0.0199477,0.0241589,0.0283702,0.0325814,0.0367927,0.041004,0.0452152,0.0494265,0.0536377,0.057849,0.0620602,0.0662715,0.0704828,0.074694,0.0789053,0.0831165],[0.017956,0.0215755,0.025195,0.0288145,0.0324339,0.0360534,0.0396729,0.0432924,0.0469119,0.0505314,0.0541509,0.0577704,0.0613899,0.0650094,0.0686289,0.0722484],[0.0149379,0.0179346,0.0209313,0.0239279,0.0269246,0.0299212,0.0329179,0.0359146,0.0389112,0.0419079,0.0449045,0.0479012,0.0508979,0.0538945,0.0568912,0.0598878,0.0628845]], "mid_interval" : [[0.070254,0.0989585,0.127663,0.156368,0.185072,0.213777,0.242481,0.271186,0.29989,0.328595,0.357299],[0.0723259,0.094966,0.117606,0.140246,0.162887,0.185527,0.208167,0.230807,0.253447,0.276087,0.298728],[0.0587565,0.0762655,0.0937746,0.111284,0.128793,0.146302,0.163811,0.18132,0.198829,0.216338,0.233847,0.251356],[0.0488746,0.0631528,0.0774309,0.0917091,0.105987,0.120265,0.134544,0.148822,0.1631,0.177378,0.191656,0.205934],[0.0449905,0.0556098,0.066229,0.0768482,0.0874674,0.0980867,0.108706,0.119325,0.129944,0.140564,0.151183,0.161802,0.172421],[0.0447216,0.0530008,0.0612799,0.069559,0.0778381,0.0861172,0.0943964,0.102675,0.110955,0.119234,0.127513,0.135792,0.144071],[0.0358111,0.0422514,0.0486917,0.0551321,0.0615724,0.0680127,0.074453,0.0808933,0.0873336,0.0937739,0.100214,0.106655,0.113095,0.119535],[0.0262083,0.0318893,0.0375703,0.0432513,0.0489323,0.0546133,0.0602943,0.0659753,0.0716563,0.0773373,0.0830183,0.0886993,0.0943803,0.100061],[0.0220533,0.0262646,0.0304758,0.0346871,0.0388983,0.0431096,0.0473208,0.0515321,0.0557434,0.0599546,0.0641659,0.0683771,0.0725884,0.0767996,0.0810109],[0.0197657,0.0233852,0.0270047,0.0306242,0.0342437,0.0378632,0.0414827,0.0451022,0.0487217,0.0523412,0.0559607,0.0595802,0.0631996,0.0668191,0.0704386],[0.0164363,0.0194329,0.0224296,0.0254263,0.0284229,0.0314196,0.0344162,0.0374129,0.0404096,0.0434062,0.0464029,0.0493995,0.0523962,0.0553929,0.0583895,0.0613862]]}