{"where_divide" : [2.38555,3.33599,0.921663,1.11068,1.1565,0.548611,0.440381,0.799026,0.141218,0.0897036,0.0560505,0.0232214], "bin_width" : [0.297936,0.607198,0.25732,0.170659,0.106285,0.11993,0.0628277,0.0688052,0.0476424,0.0284676,0.0167057,0.00844759], "count" : [[11,4,0,4,0,14,0,9],[12,4,9,7,1,3,5,1],[23,2,2,5,2,5,1,14,15],[48,23,17,40,32,9,13,7,5,1],[44,46,34,23,37,28,17,17,16,3,8],[50,66,48,30,36,30,13,14,4,3,3],[54,125,113,90,95,43,51,14,5,5,7,4],[79,252,241,157,68,50,12,3,0,0,0,2],[45,139,201,172,109,79,52,33,22,7,6,5],[115,858,986,555,227,119,35,14,5,7,2,0,2,3],[267,3003,3778,1310,322,67,21,8,8,2,0,2,3,0,1,1],[291,5824,12426,5487,1086,163,40,17,9,10,1,2,1,1,0,2,2]], "cumulative" : [[0.261905,0.357143,0.357143,0.452381,0.452381,0.785714,0.785714,1],[0.285714,0.380952,0.595238,0.761905,0.785714,0.857143,0.97619,1],[0.333333,0.362319,0.391304,0.463768,0.492754,0.565217,0.57971,0.782609,1],[0.246154,0.364103,0.451282,0.65641,0.820513,0.866667,0.933333,0.969231,0.994872,1],[0.161172,0.32967,0.454212,0.538462,0.673993,0.776557,0.838828,0.901099,0.959707,0.970696,1],[0.16835,0.390572,0.552189,0.653199,0.774411,0.875421,0.919192,0.96633,0.979798,0.989899,1],[0.0891089,0.29538,0.481848,0.630363,0.787129,0.858086,0.942244,0.965347,0.973597,0.981848,0.993399,1],[0.0914352,0.383102,0.662037,0.84375,0.922454,0.980324,0.994213,0.997685,0.997685,0.997685,0.997685,1],[0.0517241,0.211494,0.442529,0.64023,0.765517,0.856322,0.916092,0.954023,0.97931,0.987356,0.994253,1],[0.039276,0.332309,0.669057,0.858607,0.936134,0.976776,0.98873,0.993511,0.995219,0.997609,0.998292,0.998292,0.998975,1],[0.0303651,0.371887,0.801547,0.950529,0.987149,0.994769,0.997157,0.998067,0.998976,0.999204,0.999204,0.999431,0.999773,0.999773,0.999886,1],[0.0114739,0.241109,0.731054,0.947402,0.990222,0.996649,0.998226,0.998896,0.999251,0.999645,0.999685,0.999763,0.999803,0.999842,0.999842,0.999921,1]], "diff" : [[-7,-4,4,-4,14,-14,9],[-8,5,-2,-6,2,2,-4],[-21,0,3,-3,3,-4,13,1],[-25,-6,23,-8,-23,4,-6,-2,-4],[2,-12,-11,14,-9,-11,0,-1,-13,5],[16,-18,-18,6,-6,-17,1,-10,-1,0],[71,-12,-23,5,-52,8,-37,-9,0,2,-3],[173,-11,-84,-89,-18,-38,-9,-3,0,0,2],[94,62,-29,-63,-30,-27,-19,-11,-15,-1,-1],[743,128,-431,-328,-108,-84,-21,-9,2,-5,-2,2,1],[2736,775,-2468,-988,-255,-46,-13,0,-6,-2,2,1,-3,1,0],[5533,6602,-6939,-4401,-923,-123,-23,-8,1,-9,1,-1,0,-1,2,0]], "diffdiff" : [[3,8,-8,18,-28,23],[13,-7,-4,8,0,-6],[21,3,-6,6,-7,17,-12],[19,29,-31,-15,27,-10,4,-2],[-14,1,25,-23,-2,11,-1,-12,18],[-34,0,24,-12,-11,18,-11,9,1],[-83,-11,28,-57,60,-45,28,9,2,-5],[-184,-73,-5,71,-20,29,6,3,0,2],[-32,-91,-34,33,3,8,8,-4,14,0],[-615,-559,103,220,24,63,12,11,-7,3,4,-1],[-1961,-3243,1480,733,209,33,13,-6,4,4,-1,-4,4,-1],[1069,-13541,2538,3478,800,100,15,9,-10,10,-2,1,-1,3,-2]], "interval" : [[0.3,0.597936,0.895872,1.19381,1.49174,1.78968,2.08762,2.38555,2.68349],[0.3,0.907198,1.5144,2.12159,2.72879,3.33599,3.94319,4.55039,5.15758],[0.149703,0.407023,0.664343,0.921663,1.17898,1.4363,1.69362,1.95094,2.20826,2.46558],[0.0867217,0.257381,0.42804,0.598698,0.769357,0.940016,1.11068,1.28133,1.45199,1.62265,1.79331],[0.0936548,0.199939,0.306224,0.412509,0.518794,0.625078,0.731363,0.837648,0.943933,1.05022,1.1565,1.26279],[0.0688918,0.188822,0.308751,0.428681,0.548611,0.66854,0.78847,0.9084,1.02833,1.14826,1.26819,1.38812],[0.0634148,0.126243,0.18907,0.251898,0.314726,0.377553,0.440381,0.503209,0.566037,0.628864,0.691692,0.75452,0.817348],[0.0421685,0.110974,0.179779,0.248584,0.317389,0.386195,0.455,0.523805,0.59261,0.661416,0.730221,0.799026,0.867831],[0.0459337,0.0935761,0.141218,0.188861,0.236503,0.284146,0.331788,0.37943,0.427073,0.474715,0.522357,0.57,0.617642],[0.0327683,0.0612359,0.0897036,0.118171,0.146639,0.175106,0.203574,0.232042,0.260509,0.288977,0.317445,0.345912,0.37438,0.402847,0.431315],[0.0226391,0.0393448,0.0560505,0.0727563,0.089462,0.106168,0.122873,0.139579,0.156285,0.172991,0.189696,0.206402,0.223108,0.239813,0.256519,0.273225,0.289931],[0.0147738,0.0232214,0.031669,0.0401166,0.0485642,0.0570118,0.0654594,0.073907,0.0823546,0.0908021,0.0992497,0.107697,0.116145,0.124593,0.13304,0.141488,0.149935,0.158383]], "mid_interval" : [[0.448968,0.746904,1.04484,1.34278,1.64071,1.93865,2.23658,2.53452],[0.603599,1.2108,1.818,2.42519,3.03239,3.63959,4.24679,4.85399],[0.278363,0.535683,0.793003,1.05032,1.30764,1.56496,1.82228,2.0796,2.33692],[0.172051,0.34271,0.513369,0.684028,0.854687,1.02535,1.196,1.36666,1.53732,1.70798],[0.146797,0.253082,0.359367,0.465651,0.571936,0.678221,0.784505,0.89079,0.997075,1.10336,1.20964],[0.128857,0.248786,0.368716,0.488646,0.608576,0.728505,0.848435,0.968365,1.08829,1.20822,1.32815],[0.0948287,0.157656,0.220484,0.283312,0.34614,0.408967,0.471795,0.534623,0.597451,0.660278,0.723106,0.785934],[0.0765712,0.145376,0.214182,0.282987,0.351792,0.420597,0.489403,0.558208,0.627013,0.695818,0.764624,0.833429],[0.0697549,0.117397,0.16504,0.212682,0.260324,0.307967,0.355609,0.403252,0.450894,0.498536,0.546179,0.593821],[0.0470021,0.0754698,0.103937,0.132405,0.160873,0.18934,0.217808,0.246276,0.274743,0.303211,0.331678,0.360146,0.388614,0.417081],[0.030992,0.0476977,0.0644034,0.0811091,0.0978148,0.114521,0.131226,0.147932,0.164638,0.181343,0.198049,0.214755,0.231461,0.248166,0.264872,0.281578],[0.0189976,0.0274452,0.0358928,0.0443404,0.052788,0.0612356,0.0696832,0.0781308,0.0865783,0.0950259,0.103474,0.111921,0.120369,0.128816,0.137264,0.145712,0.154159]]}