{"where_divide" : [2.38555,1.71019,1.16341,0.525512,0.204724,0.114351], "bin_width" : [0.297936,0.470062,0.272598,0.154692,0.0856953,0.043936], "count" : [[11,4,0,4,0,14,0,9],[10,3,3,9,9,0,1,7],[29,24,12,16,19,10,4,3,3],[45,35,35,41,36,18,6,16,2,3],[65,130,136,102,96,33,19,14,6,1,0,1],[56,492,668,373,161,49,11,11,1,1,2,0,2]], "cumulative" : [[0.261905,0.357143,0.357143,0.452381,0.452381,0.785714,0.785714,1],[0.238095,0.309524,0.380952,0.595238,0.809524,0.809524,0.833333,1],[0.241667,0.441667,0.541667,0.675,0.833333,0.916667,0.95,0.975,1],[0.189873,0.337553,0.485232,0.658228,0.810127,0.886076,0.911392,0.978903,0.987342,1],[0.107794,0.323383,0.548922,0.718076,0.87728,0.932007,0.963516,0.986733,0.996683,0.998342,0.998342,1],[0.0306513,0.299945,0.665572,0.869732,0.957854,0.984674,0.990695,0.996716,0.997263,0.997811,0.998905,0.998905,1]], "diff" : [[-7,-4,4,-4,14,-14,9],[-7,0,6,0,-9,1,6],[-5,-12,4,3,-9,-6,-1,0],[-10,0,6,-5,-18,-12,10,-14,1],[65,6,-34,-6,-63,-14,-5,-8,-5,-1,1],[436,176,-295,-212,-112,-38,0,-10,0,1,-2,2]], "diffdiff" : [[3,8,-8,18,-28,23],[7,6,-6,-9,10,5],[-7,16,-1,-12,3,5,1],[10,6,-11,-13,6,22,-24,15],[-59,-40,28,-57,49,9,-3,3,4,2],[-260,-471,83,100,74,38,-10,10,1,-3,4]], "interval" : [[0.3,0.597936,0.895872,1.19381,1.49174,1.78968,2.08762,2.38555,2.68349],[0.3,0.770062,1.24012,1.71019,2.18025,2.65031,3.12037,3.59043,4.0605],[0.0730245,0.345622,0.61822,0.890817,1.16341,1.43601,1.70861,1.98121,2.2538,2.5264],[0.0614347,0.216127,0.370819,0.525512,0.680204,0.834896,0.989589,1.14428,1.29897,1.45367,1.60836],[0.0333335,0.119029,0.204724,0.290419,0.376115,0.46181,0.547505,0.6332,0.718896,0.804591,0.890286,0.975981,1.06168],[0.0264789,0.070415,0.114351,0.158287,0.202223,0.246159,0.290095,0.334031,0.377967,0.421903,0.465839,0.509775,0.553711,0.597647]], "mid_interval" : [[0.448968,0.746904,1.04484,1.34278,1.64071,1.93865,2.23658,2.53452],[0.535031,1.00509,1.47515,1.94522,2.41528,2.88534,3.3554,3.82546],[0.209323,0.481921,0.754518,1.02712,1.29971,1.57231,1.84491,2.11751,2.3901],[0.138781,0.293473,0.448165,0.602858,0.75755,0.912242,1.06693,1.22163,1.37632,1.53101],[0.0761811,0.161876,0.247572,0.333267,0.418962,0.504657,0.590353,0.676048,0.761743,0.847438,0.933134,1.01883],[0.0484469,0.092383,0.136319,0.180255,0.224191,0.268127,0.312063,0.355999,0.399935,0.443871,0.487807,0.531743,0.575679]]}