{"where_divide" : [0.346125,0.18811,0.122902,0.0688218], "bin_width" : [0.0354819,0.0322644,0.0159231,0.012379], "count" : [[24,0,9,0,0,25,4552,24,30,2226,0,0,0,28,27],[24,0,2,5,97,675,1628,2007,1419,752,239,69,17,7,4],[43,5,15,21,203,1658,5600,9032,5990,3086,1138,388,133,49,25,7,3],[58,45,160,2661,22115,38080,15887,5334,1817,577,148,53,9,2,1,0,1,0,1]], "cumulative" : [[0.00345572,0.00345572,0.00475162,0.00475162,0.00475162,0.00835133,0.663787,0.667243,0.671562,0.992081,0.992081,0.992081,0.992081,0.996112,1],[0.00345572,0.00345572,0.0037437,0.00446364,0.0184305,0.115623,0.350036,0.639021,0.843341,0.95162,0.986033,0.995968,0.998416,0.999424,1],[0.00156957,0.00175208,0.00229961,0.00306614,0.010476,0.0709958,0.275405,0.605088,0.823733,0.936378,0.977916,0.992079,0.996934,0.998722,0.999635,0.99989,1],[0.000667058,0.0011846,0.00302476,0.0336289,0.287973,0.725931,0.908648,0.969994,0.990891,0.997527,0.999229,0.999839,0.999942,0.999965,0.999977,0.999977,0.999988,0.999988,1]], "diff" : [[-24,9,-9,0,25,4527,-4528,6,2196,-2226,0,0,28,-1],[-24,2,3,92,578,953,379,-588,-667,-513,-170,-52,-10,-3],[-38,10,6,182,1455,3942,3432,-3042,-2904,-1948,-750,-255,-84,-24,-18,-4],[-13,115,2501,19454,15965,-22193,-10553,-3517,-1240,-429,-95,-44,-7,-1,-1,1,-1,1]], "diffdiff" : [[33,-18,9,25,4502,-9055,4534,2190,-4422,2226,0,28,-29],[26,1,89,486,375,-574,-967,-79,154,343,118,42,7],[48,-4,176,1273,2487,-510,-6474,138,956,1198,495,171,60,6,14],[128,2386,16953,-3489,-38158,11640,7036,2277,811,334,51,37,6,0,2,-2,2]], "interval" : [[0.026788,0.0622699,0.0977519,0.133234,0.168716,0.204198,0.23968,0.275162,0.310643,0.346125,0.381607,0.417089,0.452571,0.488053,0.523535,0.559017],[0.026788,0.0590524,0.0913169,0.123581,0.155846,0.18811,0.220375,0.252639,0.284903,0.317168,0.349432,0.381697,0.413961,0.446226,0.47849,0.510755],[0.01144,0.0273631,0.0432862,0.0592093,0.0751324,0.0910555,0.106979,0.122902,0.138825,0.154748,0.170671,0.186594,0.202517,0.21844,0.234364,0.250287,0.26621,0.282133],[0.00692705,0.019306,0.031685,0.0440639,0.0564429,0.0688218,0.0812008,0.0935798,0.105959,0.118338,0.130717,0.143096,0.155475,0.167854,0.180232,0.192611,0.20499,0.217369,0.229748,0.242127]], "mid_interval" : [[0.0445289,0.0800109,0.115493,0.150975,0.186457,0.221939,0.257421,0.292902,0.328384,0.363866,0.399348,0.43483,0.470312,0.505794,0.541276],[0.0429202,0.0751846,0.107449,0.139714,0.171978,0.204242,0.236507,0.268771,0.301036,0.3333,0.365565,0.397829,0.430093,0.462358,0.494622],[0.0194015,0.0353247,0.0512478,0.0671709,0.083094,0.0990171,0.11494,0.130863,0.146786,0.16271,0.178633,0.194556,0.210479,0.226402,0.242325,0.258248,0.274171],[0.0131165,0.0254955,0.0378744,0.0502534,0.0626324,0.0750113,0.0873903,0.0997692,0.112148,0.124527,0.136906,0.149285,0.161664,0.174043,0.186422,0.198801,0.21118,0.223559,0.235938]]}