{"where_divide" : [9.41617,7.01948,4.76291,4.29352,2.28598,1.41128,0.89643,0.599326,0.495405,0.423196,0.334777,0.273172,0.236805,0.200465,0.161718,0.133865,0.114394,0.0967498,0.0827517,0.0688253], "bin_width" : [1.86323,0.864935,0.66613,0.465946,0.364331,0.221016,0.113776,0.0713323,0.0439339,0.0359107,0.0293471,0.0185519,0.0158805,0.0138164,0.0151214,0.0116857,0.0088356,0.00821566,0.00658386,0.00537901], "count" : [[23,0,9,0,0,7,0,3],[30,0,5,0,6,15,6,0,10],[30,12,13,9,8,1,18,7,4],[32,21,16,17,11,13,7,4,3,11],[29,32,38,20,18,10,7,6,5,3],[13,39,67,34,29,20,15,9,2,3],[6,17,62,74,53,35,32,25,7,2,5],[5,11,45,49,113,71,73,34,24,9,1],[5,23,27,41,96,91,80,132,70,40,30,4],[4,13,48,77,111,159,124,86,115,85,27,12],[5,6,56,141,249,272,192,142,69,48,47,4,2],[8,15,43,86,138,173,210,307,339,207,131,62,24],[10,34,70,158,282,305,303,283,285,297,229,95,36,7],[6,16,109,197,367,528,617,571,403,311,190,119,44,17],[5,22,76,282,640,865,901,913,581,240,68,8,3,0,1],[17,76,299,780,1267,1459,1398,1002,619,284,84,16,3,3,1],[10,74,333,727,1449,1877,1817,1680,1209,754,307,89,10,0,1,1],[31,137,595,1480,2352,2700,2572,2045,1291,495,102,19,1,2,0,2],[16,108,425,1314,2548,3521,3568,3253,2563,1531,575,117,16,1,1,1,2],[20,89,450,1372,2722,4306,4887,4679,3682,2434,1210,369,53,8,4,4,3]], "cumulative" : [[0.547619,0.547619,0.761905,0.761905,0.761905,0.928571,0.928571,1],[0.416667,0.416667,0.486111,0.486111,0.569444,0.777778,0.861111,0.861111,1],[0.294118,0.411765,0.539216,0.627451,0.705882,0.715686,0.892157,0.960784,1],[0.237037,0.392593,0.511111,0.637037,0.718519,0.814815,0.866667,0.896296,0.918519,1],[0.172619,0.363095,0.589286,0.708333,0.815476,0.875,0.916667,0.952381,0.982143,1],[0.0562771,0.225108,0.515152,0.662338,0.787879,0.874459,0.939394,0.978355,0.987013,1],[0.0188679,0.072327,0.267296,0.5,0.666667,0.77673,0.877358,0.955975,0.977987,0.984277,1],[0.0114943,0.0367816,0.14023,0.252874,0.512644,0.675862,0.843678,0.921839,0.977011,0.997701,1],[0.00782473,0.0438185,0.086072,0.150235,0.300469,0.442879,0.568075,0.774648,0.884194,0.946792,0.99374,1],[0.00464576,0.0197445,0.0754936,0.164925,0.293844,0.478513,0.622532,0.722416,0.855981,0.954704,0.986063,1],[0.00405515,0.00892133,0.054339,0.168694,0.370641,0.591241,0.746959,0.862125,0.918086,0.957015,0.995134,0.998378,1],[0.00458979,0.0131956,0.0378657,0.087206,0.16638,0.265634,0.386116,0.562249,0.756741,0.875502,0.95066,0.986231,1],[0.00417711,0.0183793,0.047619,0.113617,0.231412,0.358814,0.48538,0.603592,0.72264,0.8467,0.942356,0.982038,0.997076,1],[0.00171674,0.00629471,0.0374821,0.0938484,0.198856,0.349928,0.526466,0.689843,0.80515,0.894134,0.948498,0.982546,0.995136,1],[0.00108578,0.00586319,0.022367,0.0836048,0.222584,0.410423,0.60608,0.804343,0.93051,0.982628,0.997394,0.999131,0.999783,0.999783,1],[0.00232622,0.0127258,0.0536398,0.160372,0.333744,0.533388,0.724685,0.861795,0.946497,0.985359,0.996853,0.999042,0.999453,0.999863,1],[0.000967305,0.00812536,0.0403366,0.11066,0.250822,0.432385,0.608145,0.770652,0.887599,0.960534,0.99023,0.998839,0.999807,0.999807,0.999903,1],[0.00224248,0.0121528,0.0551939,0.162254,0.332393,0.527705,0.713759,0.86169,0.955078,0.990885,0.998264,0.999638,0.999711,0.999855,0.999855,1],[0.000817996,0.00633947,0.0280675,0.0952454,0.225511,0.405521,0.587935,0.754243,0.885276,0.963548,0.992945,0.998926,0.999744,0.999796,0.999847,0.999898,1],[0.000760688,0.00414575,0.0212612,0.0734444,0.176974,0.34075,0.526624,0.704587,0.84463,0.937205,0.983227,0.997262,0.999277,0.999582,0.999734,0.999886,1]], "diff" : [[-23,9,-9,0,7,-7,3],[-30,5,-5,6,9,-9,-6,10],[-18,1,-4,-1,-7,17,-11,-3],[-11,-5,1,-6,2,-6,-3,-1,8],[3,6,-18,-2,-8,-3,-1,-1,-2],[26,28,-33,-5,-9,-5,-6,-7,1],[11,45,12,-21,-18,-3,-7,-18,-5,3],[6,34,4,64,-42,2,-39,-10,-15,-8],[18,4,14,55,-5,-11,52,-62,-30,-10,-26],[9,35,29,34,48,-35,-38,29,-30,-58,-15],[1,50,85,108,23,-80,-50,-73,-21,-1,-43,-2],[7,28,43,52,35,37,97,32,-132,-76,-69,-38],[24,36,88,124,23,-2,-20,2,12,-68,-134,-59,-29],[10,93,88,170,161,89,-46,-168,-92,-121,-71,-75,-27],[17,54,206,358,225,36,12,-332,-341,-172,-60,-5,-3,1],[59,223,481,487,192,-61,-396,-383,-335,-200,-68,-13,0,-2],[64,259,394,722,428,-60,-137,-471,-455,-447,-218,-79,-10,1,0],[106,458,885,872,348,-128,-527,-754,-796,-393,-83,-18,1,-2,2],[92,317,889,1234,973,47,-315,-690,-1032,-956,-458,-101,-15,0,0,1],[69,361,922,1350,1584,581,-208,-997,-1248,-1224,-841,-316,-45,-4,0,-1]], "diffdiff" : [[32,-18,9,7,-14,10],[35,-10,11,3,-18,3,16],[19,-5,3,-6,24,-28,8],[6,6,-7,8,-8,3,2,9],[3,-24,16,-6,5,2,0,-1],[2,-61,28,-4,4,-1,-1,8],[34,-33,-33,3,15,-4,-11,13,8],[28,-30,60,-106,44,-41,29,-5,7],[-14,10,41,-60,-6,63,-114,32,20,-16],[26,-6,5,14,-83,-3,67,-59,-28,43],[49,35,23,-85,-103,30,-23,52,20,-42,41],[21,15,9,-17,2,60,-65,-164,56,7,31],[12,52,36,-101,-25,-18,22,10,-80,-66,75,30],[83,-5,82,-9,-72,-135,-122,76,-29,50,-4,48],[37,152,152,-133,-189,-24,-344,-9,169,112,55,2,4],[164,258,6,-295,-253,-335,13,48,135,132,55,13,-2],[195,135,328,-294,-488,-77,-334,16,8,229,139,69,11,-1],[352,427,-13,-524,-476,-399,-227,-42,403,310,65,19,-3,4],[225,572,345,-261,-926,-362,-375,-342,76,498,357,86,15,0,1],[292,561,428,234,-1003,-789,-789,-251,24,383,525,271,41,4,-1]], "interval" : [[0.1,1.96323,3.82647,5.6897,7.55294,9.41617,11.2794,13.1426,15.0059],[0.1,0.964935,1.82987,2.6948,3.55974,4.42467,5.28961,6.15454,7.01948,7.88441],[0.1,0.76613,1.43226,2.09839,2.76452,3.43065,4.09678,4.76291,5.42904,6.09517],[0.1,0.565946,1.03189,1.49784,1.96379,2.42973,2.89568,3.36162,3.82757,4.29352,4.75946],[0.1,0.464331,0.828661,1.19299,1.55732,1.92165,2.28598,2.65031,3.01465,3.37898,3.74331],[0.0851884,0.306204,0.52722,0.748235,0.969251,1.19027,1.41128,1.6323,1.85331,2.07433,2.29535],[0.1,0.213776,0.327551,0.441327,0.555103,0.668879,0.782654,0.89643,1.01021,1.12398,1.23776,1.35153],[0.1,0.171332,0.242665,0.313997,0.385329,0.456662,0.527994,0.599326,0.670659,0.741991,0.813323,0.884656],[0.1,0.143934,0.187868,0.231802,0.275736,0.31967,0.363604,0.407538,0.451472,0.495405,0.539339,0.583273,0.627207],[0.1,0.135911,0.171821,0.207732,0.243643,0.279553,0.315464,0.351375,0.387285,0.423196,0.459107,0.495017,0.530928],[0.1,0.129347,0.158694,0.188041,0.217388,0.246736,0.276083,0.30543,0.334777,0.364124,0.393471,0.422818,0.452165,0.481512],[0.0876523,0.106204,0.124756,0.143308,0.16186,0.180412,0.198964,0.217516,0.236068,0.25462,0.273172,0.291724,0.310275,0.328827],[0.078,0.0938805,0.109761,0.125641,0.141522,0.157402,0.173283,0.189163,0.205044,0.220924,0.236805,0.252685,0.268566,0.284446,0.300326],[0.0623012,0.0761176,0.089934,0.10375,0.117567,0.131383,0.1452,0.159016,0.172832,0.186649,0.200465,0.214282,0.228098,0.241914,0.255731],[0.0407464,0.0558678,0.0709892,0.0861106,0.101232,0.116353,0.131475,0.146596,0.161718,0.176839,0.19196,0.207082,0.222203,0.237324,0.252446,0.267567],[0.0403794,0.0520651,0.0637508,0.0754365,0.0871222,0.0988078,0.110494,0.122179,0.133865,0.145551,0.157236,0.168922,0.180608,0.192293,0.203979,0.215665],[0.0348735,0.0437091,0.0525447,0.0613803,0.0702159,0.0790515,0.0878871,0.0967227,0.105558,0.114394,0.123229,0.132065,0.140901,0.149736,0.158572,0.167407,0.176243],[0.0310245,0.0392401,0.0474558,0.0556715,0.0638871,0.0721028,0.0803184,0.0885341,0.0967498,0.104965,0.113181,0.121397,0.129612,0.137828,0.146044,0.154259,0.162475],[0.023497,0.0300808,0.0366647,0.0432485,0.0498324,0.0564163,0.0630001,0.069584,0.0761678,0.0827517,0.0893356,0.0959194,0.102503,0.109087,0.115671,0.122255,0.128839,0.135423],[0.0204142,0.0257932,0.0311723,0.0365513,0.0419303,0.0473093,0.0526883,0.0580673,0.0634463,0.0688253,0.0742043,0.0795833,0.0849623,0.0903413,0.0957203,0.101099,0.106478,0.111857]],