{
    "mid_interval0": [0.0343559, 0.0993591, 0.164362, 0.229366, 0.294369, 0.359372, 0.424375, 0.489378, 0.554382, 0.619385, 0.684388, 0.749391, 0.814395, 0.879398, 44.0891, 128.219, 212.349, 296.479, 380.608, 464.738, 548.868, 632.998, 717.128, 801.257, 885.387, 969.517, 1053.65],
    "mid_interval10": [0.0112839, 0.0301432, 0.0490025, 0.0678618, 0.0867211, 0.10558, 0.12444, 0.143299, 0.162158, 0.181018, 0.199877, 0.218736, 0.237595, 0.256455, 4.77464, 10.3192, 15.8638, 21.4084, 26.9529, 32.4975, 38.0421, 43.5867, 49.1312, 54.6758, 60.2204, 65.765, 71.3095, 76.8541],
    "mid_interval100": [0.00366124, 0.00728422, 0.0109072, 0.0145302, 0.0181532, 0.0217762, 0.0253991, 0.0290221, 0.0326451, 0.0362681, 0.0398911, 0.043514, 0.047137, 0.05076, 0.054383, 0.058006, 0.061629, 2.57454, 3.72361, 4.87268, 6.02175, 7.17081, 8.31988, 9.46895, 10.618, 11.7671, 12.9162, 14.0652, 15.2143, 16.3634, 17.5124, 18.6615, 19.8106],
    "mid_interval20": [0.006362, 0.0153774, 0.0243929, 0.0334083, 0.0424238, 0.0514392, 0.0604546, 0.0694701, 0.0784855, 0.087501, 0.0965164, 0.105532, 0.114547, 0.123563, 0.132578, 4.70139, 10.1039, 15.5064, 20.9089, 26.3114, 31.7138, 37.1163, 42.5188, 47.9213, 53.3238, 58.7263, 64.1288, 69.5313, 74.9338],
    "mid_interval30": [0.0045654, 0.00998766, 0.0154099, 0.0208322, 0.0262544, 0.0316767, 0.0370989, 0.0425212, 0.0479434, 0.0533657, 0.0587879, 0.0642102, 0.0696324, 0.0750547, 0.0804769, 0.0858992, 4.62948, 9.88838, 15.1473, 20.4062, 25.6651, 30.924, 36.1829, 41.4418, 46.7007, 51.9596, 57.2185, 62.4774, 67.7363, 72.9952, 78.2541],
    "mid_interval40": [0.00372451, 0.00746497, 0.0112054, 0.0149459, 0.0186864, 0.0224268, 0.0261673, 0.0299078, 0.0336482, 0.0373887, 0.0411291, 0.0448696, 0.0486101, 0.0523505, 0.056091, 0.0598315, 2.55489, 3.66464, 4.7744, 5.88416, 6.99391, 8.10367, 9.21343, 10.3232, 11.4329, 12.5427, 13.6525, 14.7622, 15.872, 16.9817, 18.0915, 19.2012],
    "mid_interval50": [0.0031724, 0.00580865, 0.0084449, 0.0110812, 0.0137174, 0.0163537, 0.0189899, 0.0216262, 0.0242624, 0.0268987, 0.0295349, 0.0321712, 0.0348074, 0.0374437, 0.0400799, 0.0427162, 0.0453524, 2.55048, 3.65144, 4.75239, 5.85334, 6.95429, 8.05525, 9.1562, 10.2571, 11.3581, 12.4591, 13.56, 14.661, 15.7619, 16.8629, 17.9638, 19.0648],
    "mid_interval60": [0.00428952, 0.00916002, 0.0140305, 0.018901, 0.0237715, 0.028642, 0.0335125, 0.038383, 0.0432535, 0.0481239, 0.0529944, 0.0578649, 0.0627354, 0.0676059, 0.0724764, 0.0773469, 0.0822174, 87.8342, 259.503, 431.171, 602.839, 774.508, 946.176, 1117.84, 1289.51, 1461.18, 1632.85, 1804.52, 1976.19, 2147.86, 2319.52, 2491.19, 2662.86],
    "mid_interval70": [0.00387542, 0.00791786, 0.0119603, 0.0160027, 0.0200452, 0.0240876, 0.0281301, 0.0321725, 0.0362149, 0.0402574, 0.0442998, 0.0483422, 0.0523847, 0.0564271, 0.0604696, 0.064512, 0.0685544, 51.4216, 150.265, 249.108, 347.951, 446.794, 545.638, 644.481, 743.324, 842.167, 941.011, 1039.85, 1138.7, 1237.54, 1336.38, 1435.23, 1534.07],
    "mid_interval80": [0.00316484, 0.00578925, 0.00841366, 0.0110381, 0.0136625, 0.0162869, 0.0189113, 0.0215357, 0.0241601, 0.0267845, 0.0294089, 0.0320333, 0.0346577, 0.0372821, 0.0399065, 0.0425309, 0.0451553, 2.48021, 3.44061, 4.401, 5.3614, 6.3218, 7.2822, 8.2426, 9.20299, 10.1634, 11.1238, 12.0842, 13.0446, 14.005, 14.9654, 15.9258, 16.8862],
    "mid_interval90": [0.00425982, 0.00907732, 0.0138948, 0.0187123, 0.0235298, 0.0283473, 0.0331648, 0.0379823, 0.0427998, 0.0476173, 0.0524348, 0.0572524, 0.0620699, 0.0668874, 0.0717049, 0.0765224, 0.0813399, 63.3091, 185.927, 308.545, 431.164, 553.782, 676.4, 799.018, 921.636, 1044.25, 1166.87, 1289.49, 1412.11, 1534.73, 1657.35, 1779.96, 1902.58],
    "size0": [2116, 44, 37, 25, 146, 38, 33, 119, 4, 1, 6, 2, 6, 9, 1715, 2, 1, 0, 0, 0, 2, 0, 0, 0, 0, 0, 4],
    "size10": [1956, 329, 31, 35, 76, 118, 208, 293, 67, 73, 34, 26, 21, 237, 1682, 344, 177, 5, 3, 2, 4, 4, 3, 7, 13, 14, 65, 13],
    "size100": [153, 148, 222, 1818, 1821, 1716, 2452, 3752, 4320, 2191, 673, 154, 6, 1, 1, 0, 3, 11833, 221, 170, 494, 89, 128, 10, 1, 0, 1, 0, 2, 2, 2, 0, 1],
    "size20": [471, 1701, 339, 248, 52, 214, 382, 676, 221, 193, 196, 175, 138, 456, 76, 2740, 563, 160, 153, 39, 15, 14, 2, 1, 1, 0, 1, 0, 3],
    "size30": [204, 307, 1560, 382, 111, 684, 996, 449, 432, 455, 553, 1014, 769, 312, 210, 7, 5073, 328, 13, 201, 1, 12, 0, 1, 0, 0, 0, 0, 0, 0, 1],
    "size40": [156, 371, 274, 2170, 1005, 556, 305, 1617, 2302, 1231, 905, 971, 729, 699, 479, 132, 7615, 553, 575, 363, 26, 8, 122, 0, 1, 1, 1, 1, 0, 0, 1, 1],
    "size50": [102, 52, 369, 122, 306, 1987, 1129, 831, 922, 1204, 1835, 2019, 2710, 1287, 1238, 1008, 381, 10300, 372, 473, 377, 17, 3, 123, 2, 0, 0, 0, 0, 0, 0, 0, 1],
    "size60": [154, 288, 1958, 2043, 2228, 4215, 4906, 2107, 609, 86, 66, 22, 11, 3, 3, 1, 2, 12454, 8, 0, 1, 1, 2, 0, 0, 0, 0, 0, 0, 0, 0, 0, 2],
    "size70": [153, 161, 279, 2308, 2076, 1865, 2964, 4824, 2957, 907, 245, 16, 4, 1, 0, 0, 2, 12507, 0, 0, 0, 0, 0, 0, 0, 0, 0, 0, 0, 0, 0, 0, 1],
    "size80": [102, 53, 177, 137, 332, 1843, 1582, 1143, 1188, 1780, 2725, 3093, 2503, 1355, 554, 316, 26, 11150, 604, 67, 136, 485, 41, 59, 56, 2, 1, 3, 0, 0, 1, 0, 1],
    "size90": [154, 240, 1842, 2312, 2553, 4411, 5301, 1971, 372, 83, 54, 15, 5, 4, 2, 2, 2, 12864, 4, 3, 3, 2, 1, 0, 0, 0, 1, 1, 0, 1, 0, 1, 1]
}
